,new_time,location,Earthquake,sewer_and_water,power_energy,roads_and_bridges,medical,buildings
0,2020-04-06 00,Broadview,0,0,0,0,0,0
1,2020-04-06 00,Cheddarford,0,0,0,0,0,0
2,2020-04-06 00,Downtown,0,0,0,0,0,0
3,2020-04-06 00,East Parton,0,0,0,0,0,0
4,2020-04-06 00,Old Town,0,0,0,0,0,0
5,2020-04-06 00,Scenic Vista,0,0,0,0,0,0
6,2020-04-06 00,Southton,0,0,0,0,0,0
7,2020-04-06 00,Southwest,1,0,0,0,0,0
8,2020-04-06 00,Terrapin Springs,0,0,0,0,0,0
9,2020-04-06 00,West Parton,0,0,0,0,0,0
10,2020-04-06 00,Weston,0,0,0,0,0,0
11,2020-04-06 01,Easton,0,0,0,0,0,0
12,2020-04-06 01,Southton,0,0,0,0,0,0
13,2020-04-06 01,Southwest,0,0,0,0,0,0
14,2020-04-06 01,Terrapin Springs,0,1,0,0,0,0
15,2020-04-06 01,West Parton,0,0,0,0,0,0
16,2020-04-06 01,Weston,0,0,0,0,0,0
17,2020-04-06 02,Chapparal,0,0,0,0,0,0
18,2020-04-06 02,Downtown,0,0,0,0,0,0
19,2020-04-06 02,Easton,0,0,2,0,0,0
20,2020-04-06 02,Northwest,0,0,0,0,0,0
21,2020-04-06 02,Old Town,0,0,0,0,0,0
22,2020-04-06 02,Safe Town,2,0,0,0,0,0
23,2020-04-06 02,Scenic Vista,0,0,0,0,0,0
24,2020-04-06 02,Southwest,0,0,0,0,0,0
25,2020-04-06 02,Terrapin Springs,0,0,0,0,0,0
26,2020-04-06 02,Weston,0,0,0,0,0,0
27,2020-04-06 03,Broadview,0,0,1,0,0,0
28,2020-04-06 03,Cheddarford,0,0,0,0,0,0
29,2020-04-06 03,Downtown,0,0,0,0,0,0
30,2020-04-06 03,Oak Willow,0,0,0,0,0,0
31,2020-04-06 03,Old Town,0,0,0,0,0,0
32,2020-04-06 03,Palace Hills,0,0,0,0,0,0
33,2020-04-06 03,Pepper Mill,0,0,3,0,1,0
34,2020-04-06 03,Safe Town,0,0,0,0,0,0
35,2020-04-06 03,Scenic Vista,0,0,0,0,0,0
36,2020-04-06 03,Southton,0,0,0,0,0,0
37,2020-04-06 03,Southwest,0,0,0,0,0,0
38,2020-04-06 03,Terrapin Springs,0,0,0,0,0,0
39,2020-04-06 03,Weston,0,0,0,0,0,0
40,2020-04-06 04,Broadview,0,0,0,0,0,0
41,2020-04-06 04,Chapparal,0,0,0,0,0,0
42,2020-04-06 04,Cheddarford,0,0,0,0,0,0
43,2020-04-06 04,Downtown,0,0,0,0,0,0
44,2020-04-06 04,Easton,0,0,0,0,0,0
45,2020-04-06 04,Northwest,0,0,0,0,0,0
46,2020-04-06 04,Oak Willow,0,1,0,0,0,0
47,2020-04-06 04,Old Town,1,0,0,0,0,0
48,2020-04-06 04,Palace Hills,0,0,0,0,0,0
49,2020-04-06 04,Pepper Mill,0,0,0,0,0,0
50,2020-04-06 04,Safe Town,0,0,0,0,0,0
51,2020-04-06 04,Scenic Vista,1,0,0,0,0,0
52,2020-04-06 04,Southton,0,0,0,0,0,0
53,2020-04-06 04,Southwest,0,0,0,0,0,0
54,2020-04-06 04,Terrapin Springs,0,0,1,0,0,0
55,2020-04-06 04,West Parton,0,0,0,0,0,0
56,2020-04-06 04,Weston,1,0,0,0,0,0
57,2020-04-06 05,Broadview,0,0,0,0,0,0
58,2020-04-06 05,Chapparal,0,0,0,0,0,0
59,2020-04-06 05,Cheddarford,0,0,0,0,1,0
60,2020-04-06 05,Downtown,0,0,0,0,0,0
61,2020-04-06 05,East Parton,0,0,0,0,0,0
62,2020-04-06 05,Easton,0,0,0,0,0,0
63,2020-04-06 05,Northwest,0,0,1,0,0,0
64,2020-04-06 05,Oak Willow,0,0,2,0,0,2
65,2020-04-06 05,Old Town,0,0,0,0,1,0
66,2020-04-06 05,Palace Hills,0,0,0,0,0,0
67,2020-04-06 05,Pepper Mill,0,0,0,0,0,0
68,2020-04-06 05,Safe Town,0,0,0,0,0,0
69,2020-04-06 05,Scenic Vista,0,0,0,0,0,0
70,2020-04-06 05,Southton,0,0,0,0,1,0
71,2020-04-06 05,Southwest,0,1,0,0,0,0
72,2020-04-06 05,Terrapin Springs,0,0,3,0,2,0
73,2020-04-06 05,West Parton,0,0,0,0,1,0
74,2020-04-06 05,Weston,0,0,0,0,1,0
75,2020-04-06 06,Broadview,0,0,0,0,0,0
76,2020-04-06 06,Chapparal,0,0,0,0,0,0
77,2020-04-06 06,Cheddarford,0,0,0,0,0,0
78,2020-04-06 06,Downtown,1,0,0,1,3,0
79,2020-04-06 06,East Parton,0,0,0,0,0,0
80,2020-04-06 06,Easton,0,0,0,0,0,0
81,2020-04-06 06,Northwest,0,0,0,0,2,0
82,2020-04-06 06,Oak Willow,0,0,0,0,0,0
83,2020-04-06 06,Old Town,0,0,0,2,1,0
84,2020-04-06 06,Palace Hills,0,0,0,0,0,0
85,2020-04-06 06,Pepper Mill,0,0,0,0,0,0
86,2020-04-06 06,Safe Town,0,0,0,0,0,0
87,2020-04-06 06,Scenic Vista,0,0,0,0,1,0
88,2020-04-06 06,Southton,0,0,0,1,3,0
89,2020-04-06 06,Southwest,0,0,2,1,2,0
90,2020-04-06 06,Terrapin Springs,0,0,0,0,0,0
91,2020-04-06 06,West Parton,0,0,2,0,0,0
92,2020-04-06 06,Weston,0,0,0,0,2,0
93,2020-04-06 07,Broadview,0,1,1,1,1,0
94,2020-04-06 07,Chapparal,0,0,0,0,1,0
95,2020-04-06 07,Cheddarford,0,0,0,0,0,0
96,2020-04-06 07,Downtown,0,0,0,0,0,2
97,2020-04-06 07,East Parton,0,0,0,0,0,0
98,2020-04-06 07,Easton,0,0,0,0,0,0
99,2020-04-06 07,Northwest,0,0,2,0,0,0
100,2020-04-06 07,Oak Willow,0,0,0,0,2,0
101,2020-04-06 07,Old Town,0,0,0,0,1,2
102,2020-04-06 07,Palace Hills,1,0,0,0,2,0
103,2020-04-06 07,Pepper Mill,0,0,0,0,0,0
104,2020-04-06 07,Safe Town,0,0,0,0,2,2
105,2020-04-06 07,Scenic Vista,0,0,0,0,1,0
106,2020-04-06 07,Southton,0,0,0,1,2,2
107,2020-04-06 07,Southwest,1,0,0,1,0,2
108,2020-04-06 07,Terrapin Springs,0,0,0,0,2,0
109,2020-04-06 07,West Parton,0,0,0,0,2,0
110,2020-04-06 07,Weston,0,0,6,0,2,2
111,2020-04-06 07,Wilson Forest,0,0,0,0,0,0
112,2020-04-06 08,Broadview,0,0,0,0,3,2
113,2020-04-06 08,Chapparal,0,0,3,0,0,6
114,2020-04-06 08,Cheddarford,0,0,0,0,0,2
115,2020-04-06 08,Downtown,0,0,0,0,0,2
116,2020-04-06 08,East Parton,0,0,0,0,0,0
117,2020-04-06 08,Easton,0,0,0,0,0,2
118,2020-04-06 08,Northwest,0,0,1,0,0,2
119,2020-04-06 08,Oak Willow,0,0,0,0,1,2
120,2020-04-06 08,Old Town,0,1,0,0,1,0
121,2020-04-06 08,Palace Hills,0,0,1,0,0,4
122,2020-04-06 08,Pepper Mill,0,0,1,0,0,0
123,2020-04-06 08,Safe Town,0,2,0,0,0,0
124,2020-04-06 08,Scenic Vista,0,0,1,0,0,4
125,2020-04-06 08,Southton,0,0,4,0,0,0
126,2020-04-06 08,Southwest,0,0,1,0,0,2
127,2020-04-06 08,Terrapin Springs,0,0,1,0,0,4
128,2020-04-06 08,UNKNOWN,0,0,0,0,0,0
129,2020-04-06 08,West Parton,0,1,3,0,0,0
130,2020-04-06 08,Weston,0,0,1,0,0,2
131,2020-04-06 09,Broadview,0,0,5,0,1,0
132,2020-04-06 09,Chapparal,0,0,2,0,0,0
133,2020-04-06 09,Cheddarford,0,0,0,0,1,4
134,2020-04-06 09,Downtown,2,0,6,0,0,0
135,2020-04-06 09,East Parton,0,0,2,0,0,0
136,2020-04-06 09,Easton,0,1,1,0,1,0
137,2020-04-06 09,Northwest,0,0,1,0,0,0
138,2020-04-06 09,Oak Willow,0,1,4,0,0,0
139,2020-04-06 09,Old Town,1,0,0,0,1,0
140,2020-04-06 09,Palace Hills,0,0,0,1,0,0
141,2020-04-06 09,Pepper Mill,0,0,0,0,0,0
142,2020-04-06 09,Safe Town,0,0,3,0,0,0
143,2020-04-06 09,Scenic Vista,0,0,3,0,1,0
144,2020-04-06 09,Southton,0,0,3,0,1,0
145,2020-04-06 09,Southwest,0,1,5,0,1,0
146,2020-04-06 09,Terrapin Springs,1,0,2,2,2,0
147,2020-04-06 09,West Parton,0,1,2,1,1,2
148,2020-04-06 09,Weston,0,0,3,0,1,0
149,2020-04-06 10,Broadview,1,1,4,0,1,0
150,2020-04-06 10,Chapparal,0,0,3,0,1,0
151,2020-04-06 10,Cheddarford,0,0,2,1,3,0
152,2020-04-06 10,Downtown,0,0,5,1,4,2
153,2020-04-06 10,East Parton,0,2,5,0,1,0
154,2020-04-06 10,Easton,0,1,1,0,1,0
155,2020-04-06 10,Northwest,0,1,4,0,3,0
156,2020-04-06 10,Oak Willow,0,0,1,0,5,0
157,2020-04-06 10,Old Town,0,0,3,2,3,0
158,2020-04-06 10,Palace Hills,0,2,3,1,0,0
159,2020-04-06 10,Pepper Mill,0,0,5,1,2,0
160,2020-04-06 10,Safe Town,0,0,2,0,0,0
161,2020-04-06 10,Scenic Vista,1,0,4,1,1,0
162,2020-04-06 10,Southton,0,1,5,1,1,0
163,2020-04-06 10,Southwest,0,3,7,1,2,0
164,2020-04-06 10,Terrapin Springs,0,0,1,0,1,0
165,2020-04-06 10,West Parton,0,0,1,0,0,0
166,2020-04-06 10,Weston,0,4,9,1,7,0
167,2020-04-06 11,Broadview,0,1,0,2,1,0
168,2020-04-06 11,Chapparal,0,1,2,0,0,0
169,2020-04-06 11,Cheddarford,0,0,0,0,1,0
170,2020-04-06 11,Downtown,4,0,1,4,1,0
171,2020-04-06 11,East Parton,0,1,0,0,0,0
172,2020-04-06 11,Easton,0,0,0,0,0,0
173,2020-04-06 11,Northwest,0,1,2,1,3,0
174,2020-04-06 11,Oak Willow,0,0,0,2,3,0
175,2020-04-06 11,Old Town,0,0,0,1,1,0
176,2020-04-06 11,Palace Hills,0,0,0,1,2,0
177,2020-04-06 11,Pepper Mill,0,0,0,0,0,0
178,2020-04-06 11,Safe Town,0,0,1,1,0,0
179,2020-04-06 11,Scenic Vista,0,0,0,0,0,0
180,2020-04-06 11,Southton,0,0,0,3,2,0
181,2020-04-06 11,Southwest,0,2,2,0,3,0
182,2020-04-06 11,Terrapin Springs,0,1,0,1,3,0
183,2020-04-06 11,West Parton,0,1,0,0,4,0
184,2020-04-06 11,Weston,0,2,7,2,6,0
185,2020-04-06 11,Wilson Forest,0,0,0,0,0,0
186,2020-04-06 12,Broadview,0,0,4,2,1,0
187,2020-04-06 12,Chapparal,0,1,0,0,0,0
188,2020-04-06 12,Cheddarford,0,1,0,1,2,0
189,2020-04-06 12,Downtown,1,3,0,2,2,0
190,2020-04-06 12,East Parton,0,0,0,0,0,0
191,2020-04-06 12,Easton,0,0,0,1,0,0
192,2020-04-06 12,Northwest,0,0,0,2,1,0
193,2020-04-06 12,Oak Willow,1,0,0,2,0,0
194,2020-04-06 12,Old Town,0,0,1,0,0,0
195,2020-04-06 12,Palace Hills,0,0,0,2,0,0
196,2020-04-06 12,Pepper Mill,0,0,0,0,0,0
197,2020-04-06 12,Safe Town,0,1,0,2,0,0
198,2020-04-06 12,Scenic Vista,1,0,0,4,0,0
199,2020-04-06 12,Southton,0,1,2,6,1,0
200,2020-04-06 12,Southwest,1,1,2,0,1,0
201,2020-04-06 12,Terrapin Springs,0,1,2,1,1,0
202,2020-04-06 12,West Parton,0,0,0,2,0,0
203,2020-04-06 12,Weston,0,0,0,5,3,0
204,2020-04-06 13,Broadview,0,2,0,0,1,0
205,2020-04-06 13,Chapparal,0,1,0,4,0,0
206,2020-04-06 13,Cheddarford,0,0,0,1,0,0
207,2020-04-06 13,Downtown,0,0,0,2,3,0
208,2020-04-06 13,East Parton,0,0,0,2,0,0
209,2020-04-06 13,Easton,0,0,0,0,1,0
210,2020-04-06 13,Northwest,0,0,0,5,0,0
211,2020-04-06 13,Oak Willow,0,1,1,2,0,0
212,2020-04-06 13,Old Town,0,0,0,3,0,0
213,2020-04-06 13,Palace Hills,0,0,2,1,1,0
214,2020-04-06 13,Pepper Mill,0,0,0,1,0,0
215,2020-04-06 13,Safe Town,0,1,0,2,0,2
216,2020-04-06 13,Scenic Vista,0,1,0,2,1,0
217,2020-04-06 13,Southton,0,0,1,1,1,0
218,2020-04-06 13,Southwest,0,1,0,6,0,0
219,2020-04-06 13,Terrapin Springs,0,0,0,2,0,0
220,2020-04-06 13,West Parton,0,0,1,0,0,0
221,2020-04-06 13,Weston,0,0,2,2,1,0
222,2020-04-06 13,Wilson Forest,0,0,0,0,0,0
223,2020-04-06 14,Broadview,5,1,1,0,0,0
224,2020-04-06 14,Chapparal,7,0,0,1,0,0
225,2020-04-06 14,Cheddarford,2,0,1,2,1,0
226,2020-04-06 14,Downtown,12,0,0,1,2,0
227,2020-04-06 14,East Parton,3,0,0,2,0,0
228,2020-04-06 14,Easton,1,0,0,1,1,0
229,2020-04-06 14,Northwest,3,0,0,0,0,0
230,2020-04-06 14,Oak Willow,1,0,0,1,0,0
231,2020-04-06 14,Old Town,7,0,0,1,3,0
232,2020-04-06 14,Palace Hills,6,1,1,1,5,0
233,2020-04-06 14,Pepper Mill,5,0,0,0,4,0
234,2020-04-06 14,Safe Town,7,0,0,0,5,0
235,2020-04-06 14,Scenic Vista,8,1,0,2,0,0
236,2020-04-06 14,Southton,4,1,0,3,2,0
237,2020-04-06 14,Southwest,6,1,0,0,1,0
238,2020-04-06 14,Terrapin Springs,6,0,1,0,2,0
239,2020-04-06 14,UNKNOWN,2,0,0,0,0,0
240,2020-04-06 14,West Parton,7,1,0,2,2,0
241,2020-04-06 14,Weston,12,2,1,0,0,0
242,2020-04-06 14,Wilson Forest,0,0,0,0,0,0
243,2020-04-06 15,Broadview,3,1,2,1,0,0
244,2020-04-06 15,Chapparal,5,0,0,0,5,0
245,2020-04-06 15,Cheddarford,7,1,1,0,11,0
246,2020-04-06 15,Downtown,13,1,1,0,7,6
247,2020-04-06 15,East Parton,4,0,0,0,12,0
248,2020-04-06 15,Easton,0,0,0,0,2,0
249,2020-04-06 15,Northwest,3,0,0,1,4,0
250,2020-04-06 15,Oak Willow,3,0,0,1,2,0
251,2020-04-06 15,Old Town,9,1,2,0,5,0
252,2020-04-06 15,Palace Hills,11,0,1,0,1,0
253,2020-04-06 15,Pepper Mill,1,0,4,0,2,0
254,2020-04-06 15,Safe Town,5,0,0,0,1,0
255,2020-04-06 15,Scenic Vista,8,1,2,0,9,0
256,2020-04-06 15,Southton,1,2,0,0,17,0
257,2020-04-06 15,Southwest,13,3,0,0,2,4
258,2020-04-06 15,Terrapin Springs,6,0,1,0,8,0
259,2020-04-06 15,West Parton,2,0,0,0,3,0
260,2020-04-06 15,Weston,10,1,1,0,23,2
261,2020-04-06 15,Wilson Forest,0,0,0,0,0,0
262,2020-04-06 16,Broadview,2,0,4,0,1,2
263,2020-04-06 16,Chapparal,2,0,3,0,0,2
264,2020-04-06 16,Cheddarford,3,0,2,0,2,0
265,2020-04-06 16,Downtown,2,2,2,0,5,0
266,2020-04-06 16,East Parton,0,0,0,0,0,0
267,2020-04-06 16,Easton,0,0,0,0,1,0
268,2020-04-06 16,Northwest,0,0,0,2,2,0
269,2020-04-06 16,Oak Willow,0,0,1,0,1,0
270,2020-04-06 16,Old Town,0,1,1,0,0,0
271,2020-04-06 16,Palace Hills,0,0,0,0,1,0
272,2020-04-06 16,Pepper Mill,0,0,0,0,1,0
273,2020-04-06 16,Safe Town,0,1,0,0,3,0
274,2020-04-06 16,Scenic Vista,3,0,4,0,0,4
275,2020-04-06 16,Southton,0,1,1,0,4,0
276,2020-04-06 16,Southwest,0,0,3,1,1,0
277,2020-04-06 16,Terrapin Springs,2,1,4,0,3,0
278,2020-04-06 16,West Parton,2,0,2,1,1,0
279,2020-04-06 16,Weston,1,5,2,0,3,2
280,2020-04-06 17,Broadview,0,0,0,0,0,0
281,2020-04-06 17,Chapparal,0,1,6,0,1,0
282,2020-04-06 17,Cheddarford,0,0,1,0,0,0
283,2020-04-06 17,Downtown,0,0,1,0,2,0
284,2020-04-06 17,East Parton,0,0,1,0,0,0
285,2020-04-06 17,Easton,0,0,0,1,2,0
286,2020-04-06 17,Northwest,0,2,3,1,0,2
287,2020-04-06 17,Oak Willow,0,0,2,0,1,0
288,2020-04-06 17,Old Town,0,1,4,0,1,0
289,2020-04-06 17,Palace Hills,0,0,0,0,1,0
290,2020-04-06 17,Pepper Mill,0,0,2,1,1,0
291,2020-04-06 17,Safe Town,0,1,0,1,2,0
292,2020-04-06 17,Scenic Vista,0,0,0,0,3,0
293,2020-04-06 17,Southton,0,0,7,0,0,0
294,2020-04-06 17,Southwest,0,0,0,2,3,0
295,2020-04-06 17,Terrapin Springs,0,0,2,0,0,0
296,2020-04-06 17,West Parton,0,1,0,1,2,0
297,2020-04-06 17,Weston,3,0,4,0,6,0
298,2020-04-06 17,Wilson Forest,0,0,0,0,0,0
299,2020-04-06 18,Broadview,0,1,0,1,3,0
300,2020-04-06 18,Chapparal,0,1,3,0,0,0
301,2020-04-06 18,Cheddarford,0,1,0,1,2,0
302,2020-04-06 18,Downtown,0,1,1,2,3,0
303,2020-04-06 18,East Parton,0,0,0,0,1,0
304,2020-04-06 18,Easton,0,0,0,0,4,0
305,2020-04-06 18,Northwest,0,2,0,2,4,0
306,2020-04-06 18,Oak Willow,0,2,0,2,4,0
307,2020-04-06 18,Old Town,0,1,1,1,5,0
308,2020-04-06 18,Palace Hills,1,2,0,2,3,0
309,2020-04-06 18,Pepper Mill,0,0,0,1,0,0
310,2020-04-06 18,Safe Town,0,4,0,3,3,0
311,2020-04-06 18,Scenic Vista,0,3,4,3,3,0
312,2020-04-06 18,Southton,0,1,0,1,4,0
313,2020-04-06 18,Southwest,0,0,0,0,3,0
314,2020-04-06 18,Terrapin Springs,0,2,1,2,5,0
315,2020-04-06 18,West Parton,0,1,1,1,1,0
316,2020-04-06 18,Weston,1,5,0,5,6,0
317,2020-04-06 19,Broadview,6,0,0,1,1,0
318,2020-04-06 19,Chapparal,4,0,0,1,4,1
319,2020-04-06 19,Cheddarford,2,1,0,3,2,0
320,2020-04-06 19,Downtown,15,0,1,7,4,1
321,2020-04-06 19,East Parton,4,0,0,0,3,0
322,2020-04-06 19,Easton,0,0,0,1,0,1
323,2020-04-06 19,Northwest,24,0,0,1,0,1
324,2020-04-06 19,Oak Willow,2,0,0,3,2,2
325,2020-04-06 19,Old Town,5,0,0,3,3,1
326,2020-04-06 19,Palace Hills,3,0,0,0,0,0
327,2020-04-06 19,Pepper Mill,8,0,0,0,0,0
328,2020-04-06 19,Safe Town,0,0,0,2,1,1
329,2020-04-06 19,Scenic Vista,9,0,2,5,7,0
330,2020-04-06 19,Southton,17,0,2,4,2,0
331,2020-04-06 19,Southwest,4,1,2,2,3,0
332,2020-04-06 19,Terrapin Springs,5,1,3,0,3,0
333,2020-04-06 19,UNKNOWN,0,0,0,0,0,0
334,2020-04-06 19,West Parton,8,0,0,3,4,1
335,2020-04-06 19,Weston,9,0,0,4,5,2
336,2020-04-06 20,Broadview,0,0,0,1,5,0
337,2020-04-06 20,Chapparal,0,0,0,0,3,0
338,2020-04-06 20,Cheddarford,0,0,0,2,3,0
339,2020-04-06 20,Downtown,0,1,1,1,10,0
340,2020-04-06 20,East Parton,0,0,6,1,0,0
341,2020-04-06 20,Easton,0,0,0,0,3,0
342,2020-04-06 20,Northwest,0,0,3,1,4,0
343,2020-04-06 20,Oak Willow,0,0,2,2,5,0
344,2020-04-06 20,Old Town,0,0,1,0,4,0
345,2020-04-06 20,Palace Hills,0,0,0,1,1,0
346,2020-04-06 20,Pepper Mill,1,0,1,0,3,0
347,2020-04-06 20,Safe Town,0,0,0,1,1,2
348,2020-04-06 20,Scenic Vista,0,0,1,1,3,0
349,2020-04-06 20,Southton,0,0,4,1,4,0
350,2020-04-06 20,Southwest,0,0,1,6,2,0
351,2020-04-06 20,Terrapin Springs,0,0,0,2,4,0
352,2020-04-06 20,West Parton,0,1,0,1,3,0
353,2020-04-06 20,Weston,2,1,1,1,9,0
354,2020-04-06 21,Broadview,0,0,0,0,0,0
355,2020-04-06 21,Chapparal,0,0,6,0,1,0
356,2020-04-06 21,Cheddarford,1,0,0,0,2,0
357,2020-04-06 21,Downtown,0,1,4,0,2,0
358,2020-04-06 21,East Parton,0,0,1,0,1,0
359,2020-04-06 21,Easton,0,0,0,0,0,0
360,2020-04-06 21,Northwest,1,0,1,0,0,0
361,2020-04-06 21,Oak Willow,0,0,0,0,0,0
362,2020-04-06 21,Old Town,0,0,2,0,2,0
363,2020-04-06 21,Palace Hills,0,0,3,0,0,0
364,2020-04-06 21,Pepper Mill,0,0,1,0,1,0
365,2020-04-06 21,Safe Town,0,0,1,0,2,0
366,2020-04-06 21,Scenic Vista,0,0,0,0,1,0
367,2020-04-06 21,Southton,1,2,1,0,5,0
368,2020-04-06 21,Southwest,1,0,0,0,4,0
369,2020-04-06 21,Terrapin Springs,2,0,1,0,0,0
370,2020-04-06 21,West Parton,0,0,0,0,1,0
371,2020-04-06 21,Weston,2,0,2,0,4,0
372,2020-04-06 22,Broadview,0,0,0,0,0,0
373,2020-04-06 22,Chapparal,1,0,0,0,0,0
374,2020-04-06 22,Cheddarford,0,0,0,0,1,0
375,2020-04-06 22,Downtown,0,0,4,1,0,0
376,2020-04-06 22,Easton,0,0,0,0,0,0
377,2020-04-06 22,Northwest,0,0,0,0,0,0
378,2020-04-06 22,Oak Willow,0,0,0,0,0,0
379,2020-04-06 22,Old Town,0,0,0,0,0,0
380,2020-04-06 22,Palace Hills,0,0,0,0,0,0
381,2020-04-06 22,Pepper Mill,0,0,0,0,0,0
382,2020-04-06 22,Safe Town,0,0,0,0,0,0
383,2020-04-06 22,Scenic Vista,1,0,0,0,0,0
384,2020-04-06 22,Southton,0,0,0,0,0,0
385,2020-04-06 22,Southwest,0,0,0,0,0,0
386,2020-04-06 22,Terrapin Springs,0,0,0,0,0,0
387,2020-04-06 22,West Parton,0,0,0,0,0,0
388,2020-04-06 22,Weston,0,0,0,0,0,2
389,2020-04-06 23,Broadview,0,0,0,0,0,0
390,2020-04-06 23,Chapparal,0,0,1,0,0,0
391,2020-04-06 23,Cheddarford,0,0,0,0,0,0
392,2020-04-06 23,Downtown,0,0,2,0,0,0
393,2020-04-06 23,East Parton,0,0,0,0,0,0
394,2020-04-06 23,Easton,0,0,0,0,0,0
395,2020-04-06 23,Northwest,0,0,0,0,0,0
396,2020-04-06 23,Oak Willow,0,0,0,0,0,0
397,2020-04-06 23,Old Town,0,0,0,0,0,4
398,2020-04-06 23,Palace Hills,0,0,3,0,0,0
399,2020-04-06 23,Pepper Mill,0,0,0,0,0,0
400,2020-04-06 23,Safe Town,0,0,0,0,0,0
401,2020-04-06 23,Scenic Vista,0,0,0,0,0,4
402,2020-04-06 23,Southton,0,1,0,0,0,0
403,2020-04-06 23,Southwest,0,0,2,0,0,0
404,2020-04-06 23,Terrapin Springs,0,0,0,0,0,0
405,2020-04-06 23,West Parton,0,0,0,1,0,0
406,2020-04-06 23,Weston,0,1,0,1,0,0
407,2020-04-07 00,Broadview,0,0,1,0,0,0
408,2020-04-07 00,Chapparal,0,0,0,0,0,0
409,2020-04-07 00,Cheddarford,0,0,0,0,0,0
410,2020-04-07 00,Downtown,0,0,0,0,0,2
411,2020-04-07 00,Northwest,0,0,2,0,0,0
412,2020-04-07 00,Oak Willow,0,0,0,0,0,0
413,2020-04-07 00,Old Town,0,0,0,0,0,0
414,2020-04-07 00,Pepper Mill,0,0,0,0,0,0
415,2020-04-07 00,Southton,0,0,2,0,0,0
416,2020-04-07 00,Southwest,0,0,0,0,0,0
417,2020-04-07 00,Terrapin Springs,0,0,1,0,0,0
418,2020-04-07 00,West Parton,0,0,0,0,0,0
419,2020-04-07 00,Weston,0,0,0,0,0,2
420,2020-04-07 01,Cheddarford,0,0,1,0,0,0
421,2020-04-07 01,Downtown,0,0,0,0,0,0
422,2020-04-07 01,Northwest,0,0,0,0,0,0
423,2020-04-07 01,Palace Hills,1,0,3,0,0,0
424,2020-04-07 01,Southwest,0,0,0,0,0,0
425,2020-04-07 01,West Parton,0,0,0,0,0,0
426,2020-04-07 01,Weston,0,0,0,0,0,0
427,2020-04-07 02,Broadview,0,0,0,0,0,0
428,2020-04-07 02,Chapparal,0,0,0,1,1,0
429,2020-04-07 02,Cheddarford,0,0,0,0,0,0
430,2020-04-07 02,Downtown,0,0,0,0,0,0
431,2020-04-07 02,East Parton,0,0,0,0,0,0
432,2020-04-07 02,Easton,0,0,0,0,0,0
433,2020-04-07 02,Northwest,0,1,0,0,0,0
434,2020-04-07 02,Oak Willow,0,0,0,0,0,0
435,2020-04-07 02,Old Town,0,0,0,0,0,0
436,2020-04-07 02,Palace Hills,0,0,0,0,0,0
437,2020-04-07 02,Pepper Mill,2,0,0,0,0,0
438,2020-04-07 02,Scenic Vista,0,2,1,0,0,0
439,2020-04-07 02,Southton,0,0,0,0,0,0
440,2020-04-07 02,Southwest,0,0,0,0,0,0
441,2020-04-07 02,Terrapin Springs,0,0,2,0,0,0
442,2020-04-07 02,West Parton,2,0,0,0,0,0
443,2020-04-07 02,Weston,0,0,0,0,0,0
444,2020-04-07 03,Broadview,0,0,0,0,1,0
445,2020-04-07 03,Chapparal,0,0,0,0,0,0
446,2020-04-07 03,Cheddarford,0,0,0,0,0,0
447,2020-04-07 03,Downtown,0,0,3,0,0,0
448,2020-04-07 03,Northwest,0,0,0,0,0,0
449,2020-04-07 03,Oak Willow,0,0,2,0,0,0
450,2020-04-07 03,Old Town,0,0,0,0,0,0
451,2020-04-07 03,Palace Hills,0,0,0,0,0,0
452,2020-04-07 03,Pepper Mill,0,0,0,0,0,0
453,2020-04-07 03,Scenic Vista,0,0,0,0,0,0
454,2020-04-07 03,Southton,0,3,2,0,0,0
455,2020-04-07 03,Southwest,0,0,0,0,0,0
456,2020-04-07 03,Terrapin Springs,0,0,0,0,0,0
457,2020-04-07 03,West Parton,0,0,0,0,0,0
458,2020-04-07 03,Weston,0,1,0,0,0,0
459,2020-04-07 04,Broadview,0,0,0,0,0,0
460,2020-04-07 04,Chapparal,0,0,0,0,0,0
461,2020-04-07 04,Cheddarford,0,0,0,0,0,0
462,2020-04-07 04,Downtown,0,0,0,0,1,0
463,2020-04-07 04,East Parton,0,0,0,0,0,0
464,2020-04-07 04,Northwest,0,0,0,0,0,0
465,2020-04-07 04,Oak Willow,0,0,0,0,0,0
466,2020-04-07 04,Old Town,0,0,0,0,1,0
467,2020-04-07 04,Palace Hills,0,0,0,0,0,0
468,2020-04-07 04,Pepper Mill,0,1,0,0,0,0
469,2020-04-07 04,Safe Town,1,0,0,0,0,0
470,2020-04-07 04,Scenic Vista,0,0,0,0,0,0
471,2020-04-07 04,Southton,0,0,2,0,0,0
472,2020-04-07 04,Southwest,0,0,0,0,0,0
473,2020-04-07 04,Terrapin Springs,0,0,0,0,0,0
474,2020-04-07 04,West Parton,0,0,0,0,0,0
475,2020-04-07 04,Weston,0,0,0,0,0,0
476,2020-04-07 05,Chapparal,0,0,0,0,0,0
477,2020-04-07 05,Cheddarford,0,0,0,0,0,0
478,2020-04-07 05,Downtown,0,1,0,0,0,2
479,2020-04-07 05,East Parton,0,0,0,0,0,0
480,2020-04-07 05,Easton,0,0,0,0,0,0
481,2020-04-07 05,Northwest,0,0,0,0,0,0
482,2020-04-07 05,Oak Willow,0,0,0,0,0,0
483,2020-04-07 05,Old Town,0,0,0,0,0,0
484,2020-04-07 05,Palace Hills,0,0,0,0,0,0
485,2020-04-07 05,Pepper Mill,0,0,0,0,0,0
486,2020-04-07 05,Safe Town,1,0,0,0,0,0
487,2020-04-07 05,Scenic Vista,0,0,0,0,2,0
488,2020-04-07 05,Southton,0,0,0,1,0,0
489,2020-04-07 05,Southwest,0,0,0,0,0,0
490,2020-04-07 05,Terrapin Springs,0,0,0,0,0,0
491,2020-04-07 05,West Parton,0,0,0,1,0,0
492,2020-04-07 05,Weston,0,0,8,0,2,0
493,2020-04-07 06,Broadview,0,0,0,1,2,0
494,2020-04-07 06,Chapparal,0,0,0,0,0,0
495,2020-04-07 06,Cheddarford,0,0,0,0,0,0
496,2020-04-07 06,Downtown,0,0,0,0,1,0
497,2020-04-07 06,East Parton,0,0,0,0,0,0
498,2020-04-07 06,Easton,0,0,0,0,0,0
499,2020-04-07 06,Northwest,0,0,0,0,0,2
500,2020-04-07 06,Oak Willow,0,0,0,0,0,0
501,2020-04-07 06,Old Town,0,1,0,0,1,0
502,2020-04-07 06,Palace Hills,0,1,0,0,0,0
503,2020-04-07 06,Pepper Mill,0,0,0,0,0,0
504,2020-04-07 06,Safe Town,0,0,0,0,0,0
505,2020-04-07 06,Scenic Vista,0,0,0,0,2,0
506,2020-04-07 06,Southton,0,0,0,0,0,0
507,2020-04-07 06,Southwest,0,1,0,0,1,0
508,2020-04-07 06,Terrapin Springs,0,0,0,0,0,0
509,2020-04-07 06,West Parton,0,0,0,0,1,0
510,2020-04-07 06,Weston,0,0,1,1,0,0
511,2020-04-07 07,<Location with-held due to contract>,0,0,7,0,0,0
512,2020-04-07 07,Broadview,1,0,0,0,1,0
513,2020-04-07 07,Chapparal,0,0,0,0,1,0
514,2020-04-07 07,Cheddarford,0,0,1,0,2,0
515,2020-04-07 07,Downtown,0,0,2,1,11,2
516,2020-04-07 07,East Parton,0,0,0,0,1,0
517,2020-04-07 07,Easton,0,0,0,1,4,0
518,2020-04-07 07,Northwest,0,1,1,0,2,0
519,2020-04-07 07,Oak Willow,0,0,0,0,3,0
520,2020-04-07 07,Old Town,0,0,0,0,0,0
521,2020-04-07 07,Palace Hills,0,0,0,0,3,2
522,2020-04-07 07,Pepper Mill,0,0,0,0,3,0
523,2020-04-07 07,Safe Town,0,0,0,0,2,0
524,2020-04-07 07,Scenic Vista,0,0,0,0,5,4
525,2020-04-07 07,Southton,0,0,0,0,12,0
526,2020-04-07 07,Southwest,0,0,1,0,2,0
527,2020-04-07 07,Terrapin Springs,0,0,0,0,0,0
528,2020-04-07 07,West Parton,0,0,0,1,3,0
529,2020-04-07 07,Weston,0,0,0,0,3,6
530,2020-04-07 07,Wilson Forest,0,0,0,0,0,0
531,2020-04-07 08,<Location with-held due to contract>,0,0,7,0,0,0
532,2020-04-07 08,Broadview,0,0,7,1,3,2
533,2020-04-07 08,Chapparal,2,0,9,1,2,0
534,2020-04-07 08,Cheddarford,0,1,0,2,2,0
535,2020-04-07 08,Downtown,4,0,13,4,11,2
536,2020-04-07 08,East Parton,0,0,0,0,0,0
537,2020-04-07 08,Easton,0,0,0,0,0,0
538,2020-04-07 08,Northwest,8,1,8,2,3,0
539,2020-04-07 08,Oak Willow,2,0,1,1,1,0
540,2020-04-07 08,Old Town,6,1,22,2,2,0
541,2020-04-07 08,Palace Hills,0,1,8,1,3,4
542,2020-04-07 08,Pepper Mill,0,0,0,0,1,0
543,2020-04-07 08,Safe Town,2,0,4,1,1,0
544,2020-04-07 08,Scenic Vista,2,1,1,3,4,0
545,2020-04-07 08,Southton,6,1,27,1,2,4
546,2020-04-07 08,Southwest,0,1,7,0,2,2
547,2020-04-07 08,Terrapin Springs,0,2,12,0,4,2
548,2020-04-07 08,UNKNOWN,0,0,0,0,0,0
549,2020-04-07 08,West Parton,3,4,8,0,0,2
550,2020-04-07 08,Weston,3,1,23,1,3,2
551,2020-04-07 09,Broadview,0,0,8,0,1,0
552,2020-04-07 09,Chapparal,0,0,1,0,1,0
553,2020-04-07 09,Cheddarford,0,0,0,0,0,0
554,2020-04-07 09,Downtown,0,1,5,2,3,2
555,2020-04-07 09,East Parton,0,0,0,0,1,0
556,2020-04-07 09,Easton,0,0,1,0,0,0
557,2020-04-07 09,Northwest,0,0,0,0,0,0
558,2020-04-07 09,Oak Willow,0,0,0,0,0,0
559,2020-04-07 09,Old Town,0,0,1,0,0,0
560,2020-04-07 09,Palace Hills,0,0,0,1,0,0
561,2020-04-07 09,Pepper Mill,0,0,0,0,0,0
562,2020-04-07 09,Safe Town,0,0,0,1,0,0
563,2020-04-07 09,Scenic Vista,0,0,3,2,2,0
564,2020-04-07 09,Southton,0,0,1,0,0,0
565,2020-04-07 09,Southwest,0,2,0,0,0,2
566,2020-04-07 09,Terrapin Springs,0,0,5,0,0,0
567,2020-04-07 09,West Parton,0,0,2,1,3,0
568,2020-04-07 09,Weston,0,0,1,1,1,0
569,2020-04-07 09,Wilson Forest,0,0,0,0,0,0
570,2020-04-07 10,Broadview,0,0,0,0,1,0
571,2020-04-07 10,Chapparal,0,0,0,0,0,0
572,2020-04-07 10,Cheddarford,0,1,1,0,0,0
573,2020-04-07 10,Downtown,0,0,0,6,2,4
574,2020-04-07 10,East Parton,0,0,0,0,0,0
575,2020-04-07 10,Easton,0,0,0,0,0,0
576,2020-04-07 10,Northwest,0,0,0,0,0,0
577,2020-04-07 10,Oak Willow,1,0,1,0,1,2
578,2020-04-07 10,Old Town,0,0,0,0,1,1
579,2020-04-07 10,Palace Hills,0,0,0,0,0,0
580,2020-04-07 10,Pepper Mill,0,0,0,0,0,0
581,2020-04-07 10,Safe Town,0,0,0,0,0,0
582,2020-04-07 10,Scenic Vista,0,0,1,0,1,0
583,2020-04-07 10,Southton,0,1,2,1,0,0
584,2020-04-07 10,Southwest,1,0,0,0,1,0
585,2020-04-07 10,Terrapin Springs,0,0,0,0,0,0
586,2020-04-07 10,West Parton,0,0,0,1,1,0
587,2020-04-07 10,Weston,0,0,1,0,0,0
588,2020-04-07 10,Wilson Forest,0,0,0,0,0,0
589,2020-04-07 11,Broadview,0,0,0,0,0,0
590,2020-04-07 11,Chapparal,0,0,0,0,0,0
591,2020-04-07 11,Cheddarford,0,0,0,0,2,0
592,2020-04-07 11,Downtown,0,0,0,0,2,2
593,2020-04-07 11,East Parton,0,1,0,0,1,0
594,2020-04-07 11,Easton,0,0,0,0,1,0
595,2020-04-07 11,Northwest,0,0,1,0,0,0
596,2020-04-07 11,Oak Willow,0,0,0,1,0,0
597,2020-04-07 11,Old Town,0,1,0,1,0,2
598,2020-04-07 11,Palace Hills,0,1,2,0,0,0
599,2020-04-07 11,Pepper Mill,0,0,0,0,0,0
600,2020-04-07 11,Safe Town,0,0,0,0,0,0
601,2020-04-07 11,Scenic Vista,0,0,0,0,0,0
602,2020-04-07 11,Southton,0,0,0,1,0,0
603,2020-04-07 11,Southwest,0,1,0,1,2,0
604,2020-04-07 11,Terrapin Springs,1,2,0,0,2,0
605,2020-04-07 11,West Parton,0,1,0,0,1,0
606,2020-04-07 11,Weston,0,2,1,0,0,0
607,2020-04-07 12,<Location with-held due to contract>,0,0,0,0,0,0
608,2020-04-07 12,Broadview,0,1,0,3,1,0
609,2020-04-07 12,Chapparal,1,3,0,1,1,0
610,2020-04-07 12,Cheddarford,0,1,0,2,0,0
611,2020-04-07 12,Downtown,0,1,1,5,0,0
612,2020-04-07 12,East Parton,0,0,0,1,0,0
613,2020-04-07 12,Easton,1,0,1,0,1,2
614,2020-04-07 12,Northwest,1,5,4,1,0,0
615,2020-04-07 12,Oak Willow,0,0,0,0,2,0
616,2020-04-07 12,Old Town,0,0,0,1,2,0
617,2020-04-07 12,Palace Hills,1,4,0,0,0,0
618,2020-04-07 12,Pepper Mill,0,0,1,2,3,0
619,2020-04-07 12,Safe Town,0,0,0,1,3,0
620,2020-04-07 12,Scenic Vista,0,1,2,0,1,0
621,2020-04-07 12,Southton,0,2,1,1,0,2
622,2020-04-07 12,Southwest,0,1,0,1,2,0
623,2020-04-07 12,Terrapin Springs,0,0,0,0,4,0
624,2020-04-07 12,UNKNOWN,0,0,0,0,0,0
625,2020-04-07 12,West Parton,0,0,2,0,0,0
626,2020-04-07 12,Weston,0,2,0,5,4,0
627,2020-04-07 13,Broadview,0,0,2,0,5,0
628,2020-04-07 13,Chapparal,0,1,0,1,2,0
629,2020-04-07 13,Cheddarford,0,3,3,1,3,0
630,2020-04-07 13,Downtown,0,2,1,0,2,0
631,2020-04-07 13,East Parton,0,0,0,0,0,0
632,2020-04-07 13,Easton,0,0,2,0,0,0
633,2020-04-07 13,Northwest,0,1,0,0,1,0
634,2020-04-07 13,Oak Willow,0,1,0,1,1,0
635,2020-04-07 13,Old Town,0,1,0,1,2,0
636,2020-04-07 13,Palace Hills,0,1,0,0,1,0
637,2020-04-07 13,Pepper Mill,0,0,0,2,0,0
638,2020-04-07 13,Safe Town,0,0,0,2,1,0
639,2020-04-07 13,Scenic Vista,0,0,0,1,5,2
640,2020-04-07 13,Southton,0,0,0,2,3,2
641,2020-04-07 13,Southwest,0,0,3,0,2,2
642,2020-04-07 13,Terrapin Springs,0,0,1,1,0,0
643,2020-04-07 13,West Parton,0,0,0,1,1,0
644,2020-04-07 13,Weston,0,1,5,1,5,0
645,2020-04-07 13,Wilson Forest,0,0,0,0,0,0
646,2020-04-07 14,Broadview,0,0,0,1,3,0
647,2020-04-07 14,Chapparal,0,1,0,1,5,0
648,2020-04-07 14,Cheddarford,0,0,0,0,1,0
649,2020-04-07 14,Downtown,0,0,0,1,3,0
650,2020-04-07 14,East Parton,0,0,0,1,0,0
651,2020-04-07 14,Easton,0,0,0,0,1,2
652,2020-04-07 14,Northwest,0,0,0,0,3,0
653,2020-04-07 14,Oak Willow,0,0,2,0,1,0
654,2020-04-07 14,Old Town,0,0,0,1,3,0
655,2020-04-07 14,Palace Hills,0,0,0,3,7,0
656,2020-04-07 14,Pepper Mill,0,0,0,0,0,0
657,2020-04-07 14,Safe Town,0,0,0,0,0,2
658,2020-04-07 14,Scenic Vista,0,0,0,4,9,0
659,2020-04-07 14,Southton,0,1,0,2,9,0
660,2020-04-07 14,Southwest,0,1,0,1,2,0
661,2020-04-07 14,Terrapin Springs,2,1,0,0,2,0
662,2020-04-07 14,West Parton,0,0,0,0,1,2
663,2020-04-07 14,Weston,0,0,2,2,5,0
664,2020-04-07 14,Wilson Forest,0,0,0,0,0,0
665,2020-04-07 15,Broadview,0,0,0,2,2,0
666,2020-04-07 15,Chapparal,0,0,0,2,0,4
667,2020-04-07 15,Cheddarford,0,0,0,0,0,0
668,2020-04-07 15,Downtown,0,0,1,3,5,0
669,2020-04-07 15,East Parton,0,1,0,1,0,0
670,2020-04-07 15,Easton,0,0,0,0,0,0
671,2020-04-07 15,Northwest,1,0,2,0,0,2
672,2020-04-07 15,Oak Willow,0,1,0,1,0,2
673,2020-04-07 15,Old Town,0,0,1,1,1,0
674,2020-04-07 15,Palace Hills,0,0,1,0,0,2
675,2020-04-07 15,Pepper Mill,0,0,0,0,0,0
676,2020-04-07 15,Safe Town,0,0,0,1,0,0
677,2020-04-07 15,Scenic Vista,0,1,0,2,0,0
678,2020-04-07 15,Southton,0,1,3,4,2,6
679,2020-04-07 15,Southwest,0,0,0,1,2,0
680,2020-04-07 15,Terrapin Springs,0,0,0,2,0,0
681,2020-04-07 15,West Parton,0,0,0,0,1,0
682,2020-04-07 15,Weston,0,2,0,1,1,2
683,2020-04-07 16,Broadview,0,1,0,2,3,4
684,2020-04-07 16,Chapparal,1,2,1,1,1,4
685,2020-04-07 16,Cheddarford,0,0,2,3,0,0
686,2020-04-07 16,Downtown,0,1,0,0,5,4
687,2020-04-07 16,East Parton,0,0,0,1,1,2
688,2020-04-07 16,Easton,0,0,1,0,0,2
689,2020-04-07 16,Northwest,0,1,1,1,1,0
690,2020-04-07 16,Oak Willow,0,0,0,0,1,2
691,2020-04-07 16,Old Town,0,1,1,1,1,6
692,2020-04-07 16,Palace Hills,0,1,1,0,0,2
693,2020-04-07 16,Pepper Mill,0,1,0,0,1,2
694,2020-04-07 16,Safe Town,0,0,0,0,2,4
695,2020-04-07 16,Scenic Vista,0,0,1,1,2,6
696,2020-04-07 16,Southton,0,2,3,0,4,2
697,2020-04-07 16,Southwest,0,2,4,1,2,2
698,2020-04-07 16,Terrapin Springs,1,1,2,0,1,4
699,2020-04-07 16,West Parton,1,1,3,2,0,2
700,2020-04-07 16,Weston,0,0,0,0,2,4
701,2020-04-07 17,Broadview,0,2,0,1,3,0
702,2020-04-07 17,Chapparal,0,0,0,0,2,0
703,2020-04-07 17,Cheddarford,0,1,0,0,0,0
704,2020-04-07 17,Downtown,0,4,1,0,5,0
705,2020-04-07 17,East Parton,0,0,0,0,1,0
706,2020-04-07 17,Easton,0,0,0,0,3,0
707,2020-04-07 17,Northwest,0,0,1,0,0,2
708,2020-04-07 17,Oak Willow,0,1,0,0,1,0
709,2020-04-07 17,Old Town,0,2,0,1,1,0
710,2020-04-07 17,Palace Hills,2,0,0,0,3,0
711,2020-04-07 17,Pepper Mill,0,0,0,0,1,0
712,2020-04-07 17,Safe Town,0,1,0,0,1,0
713,2020-04-07 17,Scenic Vista,0,1,0,0,0,0
714,2020-04-07 17,Southton,0,1,0,0,2,0
715,2020-04-07 17,Southwest,0,0,0,0,2,0
716,2020-04-07 17,Terrapin Springs,0,0,0,0,2,0
717,2020-04-07 17,West Parton,0,3,0,0,1,0
718,2020-04-07 17,Weston,0,3,0,0,5,0
719,2020-04-07 17,Wilson Forest,0,0,0,0,0,0
720,2020-04-07 18,Broadview,2,1,0,0,0,0
721,2020-04-07 18,Chapparal,4,0,1,1,4,0
722,2020-04-07 18,Cheddarford,4,2,0,1,4,0
723,2020-04-07 18,Downtown,3,4,0,2,6,0
724,2020-04-07 18,East Parton,0,0,0,0,0,0
725,2020-04-07 18,Easton,0,0,0,0,1,0
726,2020-04-07 18,Northwest,4,2,0,1,7,0
727,2020-04-07 18,Oak Willow,0,1,0,0,0,0
728,2020-04-07 18,Old Town,2,1,1,0,6,0
729,2020-04-07 18,Palace Hills,2,0,0,0,3,0
730,2020-04-07 18,Pepper Mill,0,0,0,1,1,0
731,2020-04-07 18,Safe Town,0,0,0,1,1,0
732,2020-04-07 18,Scenic Vista,0,1,0,0,3,0
733,2020-04-07 18,Southton,0,4,0,1,1,0
734,2020-04-07 18,Southwest,2,1,0,1,4,0
735,2020-04-07 18,Terrapin Springs,0,0,0,2,4,0
736,2020-04-07 18,UNKNOWN,0,0,0,0,1,0
737,2020-04-07 18,West Parton,0,3,0,0,1,0
738,2020-04-07 18,Weston,2,0,1,2,1,0
739,2020-04-07 18,Wilson Forest,0,0,0,0,0,0
740,2020-04-07 19,Broadview,0,1,0,0,0,0
741,2020-04-07 19,Chapparal,1,0,0,1,0,2
742,2020-04-07 19,Cheddarford,2,0,0,0,1,0
743,2020-04-07 19,Downtown,0,3,1,1,0,0
744,2020-04-07 19,East Parton,0,0,0,0,0,0
745,2020-04-07 19,Easton,0,0,0,1,1,0
746,2020-04-07 19,Northwest,2,0,0,0,0,0
747,2020-04-07 19,Oak Willow,0,0,0,0,0,0
748,2020-04-07 19,Old Town,2,2,2,0,0,2
749,2020-04-07 19,Palace Hills,2,2,0,0,0,0
750,2020-04-07 19,Pepper Mill,0,0,2,0,0,0
751,2020-04-07 19,Safe Town,0,0,0,0,0,0
752,2020-04-07 19,Scenic Vista,0,1,0,0,1,4
753,2020-04-07 19,Southton,0,2,1,0,0,2
754,2020-04-07 19,Southwest,0,5,1,0,0,2
755,2020-04-07 19,Terrapin Springs,0,3,0,0,0,2
756,2020-04-07 19,West Parton,0,0,2,0,0,0
757,2020-04-07 19,Weston,0,4,0,0,1,4
758,2020-04-07 19,Wilson Forest,0,0,0,0,0,0
759,2020-04-07 20,Broadview,0,1,2,0,0,4
760,2020-04-07 20,Chapparal,0,0,0,1,0,4
761,2020-04-07 20,Cheddarford,0,0,0,0,1,2
762,2020-04-07 20,Downtown,0,1,4,0,0,4
763,2020-04-07 20,East Parton,0,0,4,0,0,2
764,2020-04-07 20,Easton,0,0,2,0,0,0
765,2020-04-07 20,Northwest,0,0,0,0,1,2
766,2020-04-07 20,Oak Willow,0,0,0,0,0,2
767,2020-04-07 20,Old Town,0,0,1,0,0,2
768,2020-04-07 20,Palace Hills,0,0,3,0,0,0
769,2020-04-07 20,Pepper Mill,0,1,0,0,0,0
770,2020-04-07 20,Safe Town,0,0,0,0,0,4
771,2020-04-07 20,Scenic Vista,0,0,0,0,0,0
772,2020-04-07 20,Southton,0,1,0,0,0,2
773,2020-04-07 20,Southwest,1,2,1,0,0,6
774,2020-04-07 20,Terrapin Springs,0,1,0,0,0,0
775,2020-04-07 20,West Parton,0,0,0,0,0,2
776,2020-04-07 20,Weston,0,1,3,0,0,4
777,2020-04-07 21,Broadview,0,0,1,1,3,0
778,2020-04-07 21,Chapparal,0,0,0,0,0,0
779,2020-04-07 21,Cheddarford,0,0,1,0,0,0
780,2020-04-07 21,Downtown,0,1,0,1,0,2
781,2020-04-07 21,East Parton,0,0,0,0,0,0
782,2020-04-07 21,Easton,0,0,0,0,0,0
783,2020-04-07 21,Northwest,0,0,0,0,0,0
784,2020-04-07 21,Oak Willow,0,1,0,0,0,0
785,2020-04-07 21,Old Town,0,0,0,0,1,0
786,2020-04-07 21,Palace Hills,0,0,2,1,0,0
787,2020-04-07 21,Pepper Mill,0,0,0,0,0,0
788,2020-04-07 21,Safe Town,0,0,0,0,0,0
789,2020-04-07 21,Scenic Vista,2,0,3,0,0,2
790,2020-04-07 21,Southton,0,1,0,0,0,0
791,2020-04-07 21,Southwest,0,0,0,0,0,0
792,2020-04-07 21,Terrapin Springs,0,0,0,0,0,0
793,2020-04-07 21,West Parton,0,0,0,0,0,2
794,2020-04-07 21,Weston,0,0,0,0,1,0
795,2020-04-07 21,Wilson Forest,0,0,0,0,0,0
796,2020-04-07 22,Broadview,0,1,0,2,1,2
797,2020-04-07 22,Chapparal,0,0,4,0,0,0
798,2020-04-07 22,Cheddarford,0,0,0,0,0,0
799,2020-04-07 22,Downtown,0,0,0,0,0,0
800,2020-04-07 22,East Parton,0,1,0,0,0,0
801,2020-04-07 22,Easton,0,0,0,0,0,0
802,2020-04-07 22,Northwest,0,0,0,0,0,0
803,2020-04-07 22,Oak Willow,0,0,0,0,0,0
804,2020-04-07 22,Old Town,0,0,0,0,0,0
805,2020-04-07 22,Palace Hills,0,0,0,0,1,0
806,2020-04-07 22,Pepper Mill,0,0,0,0,0,0
807,2020-04-07 22,Safe Town,0,0,0,0,0,0
808,2020-04-07 22,Scenic Vista,0,0,0,0,0,0
809,2020-04-07 22,Southton,0,0,0,0,0,0
810,2020-04-07 22,Southwest,0,0,0,0,0,0
811,2020-04-07 22,Terrapin Springs,0,0,0,0,0,0
812,2020-04-07 22,West Parton,0,0,0,0,0,0
813,2020-04-07 22,Weston,0,0,0,0,0,0
814,2020-04-07 23,Broadview,1,4,0,0,0,0
815,2020-04-07 23,Chapparal,0,0,0,0,0,0
816,2020-04-07 23,Cheddarford,0,2,1,0,0,0
817,2020-04-07 23,Downtown,0,3,0,0,0,0
818,2020-04-07 23,East Parton,0,0,0,0,0,0
819,2020-04-07 23,Easton,0,1,0,0,0,0
820,2020-04-07 23,Northwest,0,0,0,0,0,0
821,2020-04-07 23,Oak Willow,0,2,0,0,0,0
822,2020-04-07 23,Old Town,0,2,2,0,1,0
823,2020-04-07 23,Palace Hills,0,0,0,0,0,2
824,2020-04-07 23,Pepper Mill,0,0,0,0,0,0
825,2020-04-07 23,Safe Town,0,1,0,0,0,0
826,2020-04-07 23,Scenic Vista,2,0,0,0,0,0
827,2020-04-07 23,Southton,0,0,0,0,0,0
828,2020-04-07 23,Southwest,0,1,0,0,0,2
829,2020-04-07 23,Terrapin Springs,0,0,1,0,0,0
830,2020-04-07 23,West Parton,0,1,0,0,0,0
831,2020-04-07 23,Weston,0,1,0,0,0,0
832,2020-04-08 00,Broadview,0,2,0,0,0,0
833,2020-04-08 00,Chapparal,0,0,0,0,0,2
834,2020-04-08 00,Downtown,0,1,2,0,0,2
835,2020-04-08 00,East Parton,0,0,0,0,0,0
836,2020-04-08 00,Northwest,0,0,0,0,0,0
837,2020-04-08 00,Oak Willow,0,0,0,0,0,0
838,2020-04-08 00,Old Town,0,0,0,0,0,0
839,2020-04-08 00,Pepper Mill,0,0,0,0,0,0
840,2020-04-08 00,Safe Town,0,0,0,0,0,2
841,2020-04-08 00,Scenic Vista,0,0,0,0,0,0
842,2020-04-08 00,Southton,0,0,1,0,0,0
843,2020-04-08 00,Southwest,0,0,0,0,0,0
844,2020-04-08 00,Terrapin Springs,0,0,1,0,0,0
845,2020-04-08 00,West Parton,0,0,0,0,0,0
846,2020-04-08 00,Weston,0,1,0,0,0,2
847,2020-04-08 01,Cheddarford,0,0,0,0,0,0
848,2020-04-08 01,East Parton,0,0,0,0,0,0
849,2020-04-08 01,Northwest,0,0,0,0,0,0
850,2020-04-08 01,Oak Willow,0,0,0,0,0,0
851,2020-04-08 01,Palace Hills,0,0,1,0,0,0
852,2020-04-08 01,Pepper Mill,0,0,0,0,0,0
853,2020-04-08 01,Safe Town,0,0,0,0,0,0
854,2020-04-08 01,Scenic Vista,0,0,0,0,0,0
855,2020-04-08 01,Southton,0,0,0,0,0,0
856,2020-04-08 01,Weston,0,0,1,0,0,0
857,2020-04-08 02,Broadview,0,0,0,0,0,0
858,2020-04-08 02,Chapparal,0,0,0,0,0,0
859,2020-04-08 02,Cheddarford,0,0,0,0,0,0
860,2020-04-08 02,Downtown,0,0,0,0,0,0
861,2020-04-08 02,East Parton,0,0,0,0,0,0
862,2020-04-08 02,Easton,1,0,1,0,0,0
863,2020-04-08 02,Northwest,0,0,0,0,0,0
864,2020-04-08 02,Oak Willow,0,0,0,0,0,0
865,2020-04-08 02,Old Town,0,0,0,0,0,0
866,2020-04-08 02,Pepper Mill,0,0,0,0,0,0
867,2020-04-08 02,Scenic Vista,1,0,3,1,2,0
868,2020-04-08 02,Southton,0,1,0,0,4,0
869,2020-04-08 02,Southwest,0,0,2,0,0,0
870,2020-04-08 02,Terrapin Springs,0,0,0,0,0,0
871,2020-04-08 02,West Parton,0,0,1,0,0,0
872,2020-04-08 02,Weston,0,0,0,0,0,0
873,2020-04-08 03,Broadview,0,0,0,0,0,0
874,2020-04-08 03,Chapparal,0,0,0,0,0,0
875,2020-04-08 03,Cheddarford,0,0,0,0,0,0
876,2020-04-08 03,Downtown,0,0,1,0,0,0
877,2020-04-08 03,East Parton,0,0,0,0,0,0
878,2020-04-08 03,Easton,0,0,0,0,0,0
879,2020-04-08 03,Northwest,1,0,0,0,0,0
880,2020-04-08 03,Oak Willow,0,0,0,0,0,0
881,2020-04-08 03,Old Town,0,0,1,0,0,0
882,2020-04-08 03,Palace Hills,0,0,0,0,0,0
883,2020-04-08 03,Pepper Mill,0,0,0,0,0,0
884,2020-04-08 03,Safe Town,0,0,0,0,0,0
885,2020-04-08 03,Scenic Vista,1,0,0,0,0,0
886,2020-04-08 03,Southton,0,0,0,0,0,0
887,2020-04-08 03,Southwest,0,1,2,0,0,0
888,2020-04-08 03,Terrapin Springs,0,0,0,0,0,0
889,2020-04-08 03,West Parton,0,0,0,0,0,0
890,2020-04-08 03,Weston,0,1,1,0,0,0
891,2020-04-08 04,Broadview,0,0,0,0,0,0
892,2020-04-08 04,Chapparal,0,0,0,0,0,0
893,2020-04-08 04,Cheddarford,0,0,0,0,1,0
894,2020-04-08 04,Downtown,0,0,0,0,1,0
895,2020-04-08 04,East Parton,0,0,0,0,0,0
896,2020-04-08 04,Easton,0,0,0,0,0,0
897,2020-04-08 04,Northwest,0,0,0,0,0,0
898,2020-04-08 04,Oak Willow,0,0,0,0,0,0
899,2020-04-08 04,Old Town,1,0,0,0,0,0
900,2020-04-08 04,Palace Hills,0,1,1,0,0,0
901,2020-04-08 04,Pepper Mill,0,0,0,0,0,0
902,2020-04-08 04,Safe Town,0,0,0,0,0,0
903,2020-04-08 04,Scenic Vista,0,2,1,0,0,0
904,2020-04-08 04,Southton,0,0,1,0,0,0
905,2020-04-08 04,Southwest,0,0,0,0,0,2
906,2020-04-08 04,Terrapin Springs,0,0,1,0,0,0
907,2020-04-08 04,West Parton,0,0,0,0,0,0
908,2020-04-08 04,Weston,0,0,0,0,0,0
909,2020-04-08 05,Broadview,0,2,0,0,0,0
910,2020-04-08 05,Chapparal,0,0,0,0,0,0
911,2020-04-08 05,Cheddarford,0,0,0,0,0,0
912,2020-04-08 05,Downtown,0,0,0,1,1,0
913,2020-04-08 05,East Parton,0,2,1,0,0,0
914,2020-04-08 05,Easton,0,2,0,0,0,0
915,2020-04-08 05,Northwest,0,0,0,0,0,0
916,2020-04-08 05,Oak Willow,0,1,0,0,0,0
917,2020-04-08 05,Old Town,0,0,0,0,0,0
918,2020-04-08 05,Palace Hills,0,1,1,0,0,0
919,2020-04-08 05,Pepper Mill,0,0,0,0,0,0
920,2020-04-08 05,Safe Town,1,0,0,0,0,0
921,2020-04-08 05,Scenic Vista,0,1,2,0,0,0
922,2020-04-08 05,Southton,0,1,0,0,0,0
923,2020-04-08 05,Southwest,0,2,1,0,0,0
924,2020-04-08 05,Terrapin Springs,0,0,0,0,0,0
925,2020-04-08 05,West Parton,0,0,0,0,0,0
926,2020-04-08 05,Weston,1,0,0,0,0,0
927,2020-04-08 06,Broadview,0,0,2,0,1,0
928,2020-04-08 06,Chapparal,0,0,0,0,0,0
929,2020-04-08 06,Cheddarford,0,0,0,0,0,0
930,2020-04-08 06,Downtown,0,1,1,1,1,0
931,2020-04-08 06,East Parton,0,0,0,0,0,0
932,2020-04-08 06,Easton,0,0,0,0,0,0
933,2020-04-08 06,Northwest,0,0,0,0,0,0
934,2020-04-08 06,Oak Willow,0,0,0,0,0,0
935,2020-04-08 06,Old Town,1,0,1,0,0,0
936,2020-04-08 06,Palace Hills,0,1,0,0,0,2
937,2020-04-08 06,Pepper Mill,0,0,0,0,1,0
938,2020-04-08 06,Safe Town,0,0,0,0,1,0
939,2020-04-08 06,Scenic Vista,0,0,0,1,0,0
940,2020-04-08 06,Southton,0,0,0,1,0,2
941,2020-04-08 06,Southwest,0,0,2,1,0,0
942,2020-04-08 06,Terrapin Springs,0,0,2,0,0,0
943,2020-04-08 06,West Parton,1,0,0,1,1,0
944,2020-04-08 06,Weston,0,0,0,0,0,0
945,2020-04-08 07,Broadview,0,0,0,1,0,0
946,2020-04-08 07,Chapparal,0,1,7,0,2,2
947,2020-04-08 07,Cheddarford,0,2,6,0,2,0
948,2020-04-08 07,Downtown,0,2,15,4,3,2
949,2020-04-08 07,East Parton,0,0,0,0,0,0
950,2020-04-08 07,Easton,0,0,0,1,0,0
951,2020-04-08 07,Northwest,0,1,1,2,4,2
952,2020-04-08 07,Oak Willow,0,0,0,0,0,0
953,2020-04-08 07,Old Town,1,1,12,1,1,2
954,2020-04-08 07,Palace Hills,0,0,3,3,2,0
955,2020-04-08 07,Pepper Mill,0,0,2,4,0,0
956,2020-04-08 07,Safe Town,0,1,5,2,0,0
957,2020-04-08 07,Scenic Vista,0,0,3,2,2,4
958,2020-04-08 07,Southton,0,1,7,3,4,4
959,2020-04-08 07,Southwest,0,0,0,5,0,0
960,2020-04-08 07,Terrapin Springs,0,0,3,1,0,2
961,2020-04-08 07,UNKNOWN,0,0,0,0,0,0
962,2020-04-08 07,West Parton,0,1,6,2,0,0
963,2020-04-08 07,Weston,0,2,12,4,1,0
964,2020-04-08 07,Wilson Forest,0,0,0,0,0,0
965,2020-04-08 08,<Location with-held due to contract>,4,0,0,2,0,0
966,2020-04-08 08,Broadview,3,0,1,1,3,0
967,2020-04-08 08,Chapparal,0,1,5,0,0,0
968,2020-04-08 08,Cheddarford,3,0,2,0,2,0
969,2020-04-08 08,Downtown,16,0,1,3,7,0
970,2020-04-08 08,East Parton,1,0,0,0,0,1
971,2020-04-08 08,Easton,1,1,0,0,3,0
972,2020-04-08 08,Northwest,3,0,0,2,4,7
973,2020-04-08 08,Oak Willow,0,0,0,1,1,0
974,2020-04-08 08,Old Town,2,1,3,4,3,3
975,2020-04-08 08,Palace Hills,6,0,2,5,0,2
976,2020-04-08 08,Pepper Mill,0,0,0,0,1,0
977,2020-04-08 08,Safe Town,5,0,2,3,4,0
978,2020-04-08 08,Scenic Vista,6,0,2,4,11,2
979,2020-04-08 08,Southton,5,3,5,3,3,1
980,2020-04-08 08,Southwest,2,0,0,4,0,0
981,2020-04-08 08,Terrapin Springs,4,0,4,0,3,0
982,2020-04-08 08,UNKNOWN,0,0,0,0,0,0
983,2020-04-08 08,West Parton,6,0,1,0,3,1
984,2020-04-08 08,Weston,6,0,4,1,3,0
985,2020-04-08 08,Wilson Forest,0,0,0,1,0,0
986,2020-04-08 09,<Location with-held due to contract>,0,2,3,3,5,2
987,2020-04-08 09,Broadview,3,0,2,6,7,0
988,2020-04-08 09,Chapparal,1,1,1,5,2,2
989,2020-04-08 09,Cheddarford,7,0,1,7,10,1
990,2020-04-08 09,Downtown,27,1,2,18,38,5
991,2020-04-08 09,East Parton,1,0,0,3,8,0
992,2020-04-08 09,Easton,5,0,2,4,4,0
993,2020-04-08 09,Northwest,19,0,1,10,26,4
994,2020-04-08 09,Oak Willow,2,2,1,4,4,1
995,2020-04-08 09,Old Town,11,1,1,4,7,4
996,2020-04-08 09,Palace Hills,8,1,11,14,22,3
997,2020-04-08 09,Pepper Mill,12,0,0,4,7,2
998,2020-04-08 09,Safe Town,3,0,3,6,7,1
999,2020-04-08 09,Scenic Vista,4,0,0,5,8,1
1000,2020-04-08 09,Southton,19,5,4,15,27,1
1001,2020-04-08 09,Southwest,7,2,1,5,14,3
1002,2020-04-08 09,Terrapin Springs,3,0,1,2,5,0
1003,2020-04-08 09,West Parton,6,0,3,10,23,1
1004,2020-04-08 09,Weston,15,8,3,10,35,5
1005,2020-04-08 09,Wilson Forest,0,0,0,0,0,0
1006,2020-04-08 10,<Location with-held due to contract>,0,2,0,1,2,0
1007,2020-04-08 10,Broadview,0,0,0,1,3,1
1008,2020-04-08 10,Chapparal,0,1,0,6,1,1
1009,2020-04-08 10,Cheddarford,0,2,4,2,2,1
1010,2020-04-08 10,Downtown,0,14,6,11,13,10
1011,2020-04-08 10,Easton,0,0,0,0,0,0
1012,2020-04-08 10,Northwest,0,4,1,9,1,2
1013,2020-04-08 10,Oak Willow,0,1,0,1,2,0
1014,2020-04-08 10,Old Town,1,0,2,0,1,0
1015,2020-04-08 10,Palace Hills,0,2,5,11,5,2
1016,2020-04-08 10,Pepper Mill,0,0,2,0,0,0
1017,2020-04-08 10,Safe Town,0,1,0,1,1,0
1018,2020-04-08 10,Scenic Vista,0,3,4,2,3,6
1019,2020-04-08 10,Southton,2,5,3,1,7,4
1020,2020-04-08 10,Southwest,0,0,0,2,3,1
1021,2020-04-08 10,Terrapin Springs,0,4,0,5,5,5
1022,2020-04-08 10,West Parton,1,3,7,5,5,8
1023,2020-04-08 10,Weston,0,4,3,7,10,5
1024,2020-04-08 11,<Location with-held due to contract>,4,0,2,0,3,0
1025,2020-04-08 11,Broadview,0,2,0,3,1,2
1026,2020-04-08 11,Chapparal,0,0,0,3,2,1
1027,2020-04-08 11,Cheddarford,0,1,0,3,0,1
1028,2020-04-08 11,Downtown,5,1,0,3,10,1
1029,2020-04-08 11,East Parton,0,0,1,0,4,0
1030,2020-04-08 11,Easton,0,0,0,1,0,0
1031,2020-04-08 11,Northwest,13,1,5,4,16,0
1032,2020-04-08 11,Oak Willow,0,1,4,3,1,0
1033,2020-04-08 11,Old Town,4,1,1,0,6,7
1034,2020-04-08 11,Palace Hills,1,1,5,5,11,0
1035,2020-04-08 11,Pepper Mill,0,0,0,0,0,0
1036,2020-04-08 11,Safe Town,0,0,4,1,2,3
1037,2020-04-08 11,Scenic Vista,4,1,0,1,14,2
1038,2020-04-08 11,Southton,4,3,1,9,11,1
1039,2020-04-08 11,Southwest,0,0,1,1,5,2
1040,2020-04-08 11,Terrapin Springs,0,0,1,0,3,0
1041,2020-04-08 11,West Parton,10,1,0,5,7,1
1042,2020-04-08 11,Weston,8,3,4,5,19,0
1043,2020-04-08 12,<Location with-held due to contract>,0,0,0,2,0,3
1044,2020-04-08 12,Broadview,0,1,2,4,3,6
1045,2020-04-08 12,Chapparal,0,0,0,0,2,1
1046,2020-04-08 12,Cheddarford,0,1,1,0,8,2
1047,2020-04-08 12,Downtown,4,2,10,4,16,8
1048,2020-04-08 12,East Parton,0,1,1,1,6,0
1049,2020-04-08 12,Easton,0,0,2,0,5,0
1050,2020-04-08 12,Northwest,0,1,0,4,1,6
1051,2020-04-08 12,Oak Willow,0,0,2,2,0,5
1052,2020-04-08 12,Old Town,0,3,0,4,5,4
1053,2020-04-08 12,Palace Hills,1,3,13,7,19,12
1054,2020-04-08 12,Pepper Mill,0,1,3,2,7,0
1055,2020-04-08 12,Safe Town,0,1,4,0,9,4
1056,2020-04-08 12,Scenic Vista,0,1,6,5,9,6
1057,2020-04-08 12,Southton,6,1,10,2,9,5
1058,2020-04-08 12,Southwest,0,0,0,2,10,0
1059,2020-04-08 12,Terrapin Springs,2,0,0,4,1,2
1060,2020-04-08 12,West Parton,7,1,5,0,3,0
1061,2020-04-08 12,Weston,0,2,4,5,10,9
1062,2020-04-08 13,<Location with-held due to contract>,0,0,0,0,3,0
1063,2020-04-08 13,Broadview,0,8,3,5,1,0
1064,2020-04-08 13,Chapparal,0,10,0,4,10,0
1065,2020-04-08 13,Cheddarford,9,22,5,7,7,0
1066,2020-04-08 13,Downtown,12,42,8,27,34,2
1067,2020-04-08 13,East Parton,4,6,0,0,9,0
1068,2020-04-08 13,Easton,0,5,1,0,5,2
1069,2020-04-08 13,Northwest,2,27,5,8,28,4
1070,2020-04-08 13,Oak Willow,0,0,0,2,0,0
1071,2020-04-08 13,Old Town,0,15,7,12,12,2
1072,2020-04-08 13,Palace Hills,4,29,6,6,11,3
1073,2020-04-08 13,Pepper Mill,2,8,4,4,9,2
1074,2020-04-08 13,Safe Town,2,18,6,6,16,6
1075,2020-04-08 13,Scenic Vista,2,16,12,14,21,10
1076,2020-04-08 13,Southton,2,26,8,15,11,4
1077,2020-04-08 13,Southwest,9,23,7,15,26,8
1078,2020-04-08 13,Terrapin Springs,0,13,4,7,8,2
1079,2020-04-08 13,West Parton,3,22,6,6,16,0
1080,2020-04-08 13,Weston,6,48,6,17,29,8
1081,2020-04-08 13,Wilson Forest,0,0,0,0,0,0
1082,2020-04-08 14,<Location with-held due to contract>,0,1,0,3,4,0
1083,2020-04-08 14,Broadview,4,5,1,1,13,2
1084,2020-04-08 14,Chapparal,4,5,2,2,13,6
1085,2020-04-08 14,Cheddarford,8,9,18,10,29,9
1086,2020-04-08 14,Downtown,3,22,25,23,45,12
1087,2020-04-08 14,East Parton,0,6,4,2,12,4
1088,2020-04-08 14,Easton,0,2,4,3,19,5
1089,2020-04-08 14,Northwest,4,13,14,6,25,17
1090,2020-04-08 14,Oak Willow,0,1,1,3,9,2
1091,2020-04-08 14,Old Town,1,14,6,13,28,6
1092,2020-04-08 14,Palace Hills,2,16,22,16,25,15
1093,2020-04-08 14,Pepper Mill,0,3,3,0,11,2
1094,2020-04-08 14,Safe Town,2,7,6,2,22,2
1095,2020-04-08 14,Scenic Vista,0,13,15,13,44,11
1096,2020-04-08 14,Southton,7,16,8,4,42,18
1097,2020-04-08 14,Southwest,0,13,23,17,49,6
1098,2020-04-08 14,Terrapin Springs,0,6,1,6,8,5
1099,2020-04-08 14,West Parton,2,7,4,6,19,11
1100,2020-04-08 14,Weston,1,12,18,20,59,14
1101,2020-04-08 14,Wilson Forest,1,0,0,0,0,0
1102,2020-04-08 15,<Location with-held due to contract>,0,0,0,0,0,0
1103,2020-04-08 15,Broadview,0,6,12,4,12,7
1104,2020-04-08 15,Chapparal,0,0,0,2,7,1
1105,2020-04-08 15,Cheddarford,0,4,3,3,10,4
1106,2020-04-08 15,Downtown,1,4,9,14,33,4
1107,2020-04-08 15,East Parton,0,6,1,1,7,3
1108,2020-04-08 15,Easton,0,0,0,1,4,0
1109,2020-04-08 15,Northwest,0,4,7,7,18,12
1110,2020-04-08 15,Oak Willow,0,0,0,1,6,0
1111,2020-04-08 15,Old Town,0,2,4,9,13,3
1112,2020-04-08 15,Palace Hills,0,7,12,18,45,7
1113,2020-04-08 15,Pepper Mill,0,2,3,6,2,0
1114,2020-04-08 15,Safe Town,0,0,2,2,6,3
1115,2020-04-08 15,Scenic Vista,3,4,4,12,14,8
1116,2020-04-08 15,Southton,1,7,11,11,20,3
1117,2020-04-08 15,Southwest,0,6,8,12,27,14
1118,2020-04-08 15,Terrapin Springs,0,5,4,5,18,1
1119,2020-04-08 15,UNKNOWN,0,0,0,0,3,0
1120,2020-04-08 15,West Parton,1,2,4,6,15,2
1121,2020-04-08 15,Weston,0,2,8,13,27,11
1122,2020-04-08 16,<Location with-held due to contract>,0,0,2,1,1,0
1123,2020-04-08 16,Broadview,0,1,2,6,19,3
1124,2020-04-08 16,Chapparal,0,0,1,1,0,2
1125,2020-04-08 16,Cheddarford,0,5,5,3,5,0
1126,2020-04-08 16,Downtown,0,2,17,7,10,6
1127,2020-04-08 16,East Parton,0,0,5,2,2,0
1128,2020-04-08 16,Easton,0,1,3,3,4,0
1129,2020-04-08 16,Northwest,0,1,5,4,6,3
1130,2020-04-08 16,Oak Willow,0,0,0,2,5,0
1131,2020-04-08 16,Old Town,0,1,2,1,7,6
1132,2020-04-08 16,Palace Hills,2,1,13,0,10,2
1133,2020-04-08 16,Pepper Mill,0,0,1,2,3,2
1134,2020-04-08 16,Safe Town,0,1,0,0,4,0
1135,2020-04-08 16,Scenic Vista,0,2,6,2,8,10
1136,2020-04-08 16,Southton,0,1,3,4,4,2
1137,2020-04-08 16,Southwest,0,3,6,12,11,10
1138,2020-04-08 16,Terrapin Springs,0,1,3,3,1,5
1139,2020-04-08 16,UNKNOWN,0,0,0,1,0,0
1140,2020-04-08 16,West Parton,0,0,12,3,3,4
1141,2020-04-08 16,Weston,1,3,11,8,25,8
1142,2020-04-08 17,<Location with-held due to contract>,0,0,0,0,1,0
1143,2020-04-08 17,Broadview,0,3,0,1,5,0
1144,2020-04-08 17,Chapparal,0,1,1,1,4,0
1145,2020-04-08 17,Cheddarford,6,5,7,2,0,4
1146,2020-04-08 17,Downtown,0,6,9,17,19,7
1147,2020-04-08 17,East Parton,4,4,6,1,8,2
1148,2020-04-08 17,Easton,0,2,4,0,0,2
1149,2020-04-08 17,Northwest,2,7,8,3,9,3
1150,2020-04-08 17,Oak Willow,3,2,2,0,0,0
1151,2020-04-08 17,Old Town,0,3,2,5,2,2
1152,2020-04-08 17,Palace Hills,2,3,3,7,7,1
1153,2020-04-08 17,Pepper Mill,0,3,0,1,0,0
1154,2020-04-08 17,Safe Town,0,4,0,2,1,2
1155,2020-04-08 17,Scenic Vista,1,1,4,2,1,2
1156,2020-04-08 17,Southton,1,6,8,4,2,2
1157,2020-04-08 17,Southwest,2,3,9,7,16,4
1158,2020-04-08 17,Terrapin Springs,2,2,5,5,4,0
1159,2020-04-08 17,West Parton,2,2,4,6,7,2
1160,2020-04-08 17,Weston,0,7,7,4,6,3
1161,2020-04-08 18,<Location with-held due to contract>,1,2,1,1,3,0
1162,2020-04-08 18,Broadview,2,3,3,6,5,4
1163,2020-04-08 18,Chapparal,0,1,3,1,2,2
1164,2020-04-08 18,Cheddarford,1,8,4,2,1,7
1165,2020-04-08 18,Downtown,4,7,4,12,21,6
1166,2020-04-08 18,East Parton,0,1,1,3,0,4
1167,2020-04-08 18,Easton,0,3,0,2,3,2
1168,2020-04-08 18,Northwest,2,3,7,3,6,15
1169,2020-04-08 18,Oak Willow,0,0,3,0,0,0
1170,2020-04-08 18,Old Town,5,10,3,2,6,8
1171,2020-04-08 18,Palace Hills,1,11,4,5,11,10
1172,2020-04-08 18,Pepper Mill,0,3,0,1,5,8
1173,2020-04-08 18,Safe Town,3,1,0,0,1,2
1174,2020-04-08 18,Scenic Vista,2,4,0,9,14,11
1175,2020-04-08 18,Southton,5,9,3,7,7,18
1176,2020-04-08 18,Southwest,4,14,11,9,16,6
1177,2020-04-08 18,Terrapin Springs,1,2,1,3,5,5
1178,2020-04-08 18,West Parton,0,0,2,2,7,2
1179,2020-04-08 18,Weston,2,5,0,5,14,7
1180,2020-04-08 18,Wilson Forest,0,0,0,0,0,0
1181,2020-04-08 19,<Location with-held due to contract>,0,0,0,0,0,0
1182,2020-04-08 19,Broadview,0,2,1,2,1,6
1183,2020-04-08 19,Chapparal,0,3,2,0,3,2
1184,2020-04-08 19,Cheddarford,0,2,3,0,10,9
1185,2020-04-08 19,Downtown,6,12,6,5,43,10
1186,2020-04-08 19,East Parton,0,5,1,3,3,2
1187,2020-04-08 19,Easton,0,0,1,0,3,5
1188,2020-04-08 19,Northwest,2,6,6,1,38,16
1189,2020-04-08 19,Oak Willow,0,0,0,0,0,0
1190,2020-04-08 19,Old Town,0,4,5,0,8,2
1191,2020-04-08 19,Palace Hills,3,14,6,1,26,9
1192,2020-04-08 19,Pepper Mill,0,0,0,2,5,2
1193,2020-04-08 19,Safe Town,2,1,0,0,9,0
1194,2020-04-08 19,Scenic Vista,0,3,6,0,15,4
1195,2020-04-08 19,Southton,1,10,1,2,15,15
1196,2020-04-08 19,Southwest,0,7,4,2,19,10
1197,2020-04-08 19,Terrapin Springs,0,1,1,0,6,5
1198,2020-04-08 19,West Parton,2,3,4,0,14,6
1199,2020-04-08 19,Weston,4,15,11,2,24,20
1200,2020-04-08 20,Broadview,0,0,2,1,15,6
1201,2020-04-08 20,Chapparal,0,0,3,1,4,4
1202,2020-04-08 20,Cheddarford,0,0,2,0,0,2
1203,2020-04-08 20,Downtown,0,1,0,0,17,4
1204,2020-04-08 20,East Parton,0,0,0,0,0,0
1205,2020-04-08 20,Easton,0,1,0,1,0,2
1206,2020-04-08 20,Northwest,2,0,1,2,15,5
1207,2020-04-08 20,Oak Willow,0,0,0,0,1,0
1208,2020-04-08 20,Old Town,0,1,3,1,3,0
1209,2020-04-08 20,Palace Hills,0,0,2,2,8,6
1210,2020-04-08 20,Pepper Mill,0,0,2,1,1,0
1211,2020-04-08 20,Safe Town,0,1,0,2,2,2
1212,2020-04-08 20,Scenic Vista,1,1,3,5,16,0
1213,2020-04-08 20,Southton,3,1,4,7,18,5
1214,2020-04-08 20,Southwest,0,2,3,0,19,6
1215,2020-04-08 20,Terrapin Springs,0,2,3,1,10,4
1216,2020-04-08 20,West Parton,0,0,0,0,6,0
1217,2020-04-08 20,Weston,0,1,4,2,19,9
1218,2020-04-08 21,<Location with-held due to contract>,0,0,0,1,4,2
1219,2020-04-08 21,Broadview,0,0,2,0,3,0
1220,2020-04-08 21,Chapparal,0,1,0,0,3,0
1221,2020-04-08 21,Cheddarford,0,2,4,1,0,2
1222,2020-04-08 21,Downtown,1,0,9,1,3,1
1223,2020-04-08 21,East Parton,0,0,0,1,1,0
1224,2020-04-08 21,Easton,0,0,0,1,1,1
1225,2020-04-08 21,Northwest,0,0,0,0,14,0
1226,2020-04-08 21,Old Town,0,1,2,1,6,2
1227,2020-04-08 21,Palace Hills,0,0,0,3,6,6
1228,2020-04-08 21,Safe Town,0,0,0,0,2,0
1229,2020-04-08 21,Scenic Vista,0,2,3,0,2,0
1230,2020-04-08 21,Southton,0,7,13,4,6,10
1231,2020-04-08 21,Southwest,0,1,8,3,5,3
1232,2020-04-08 21,Terrapin Springs,0,0,1,1,4,2
1233,2020-04-08 21,West Parton,1,0,0,2,5,4
1234,2020-04-08 21,Weston,0,2,1,4,9,3
1235,2020-04-08 22,Broadview,0,1,2,1,2,0
1236,2020-04-08 22,Chapparal,0,0,0,4,2,4
1237,2020-04-08 22,Cheddarford,0,0,0,3,3,4
1238,2020-04-08 22,Downtown,0,0,1,2,9,12
1239,2020-04-08 22,East Parton,0,0,2,0,0,0
1240,2020-04-08 22,Easton,0,0,0,0,0,0
1241,2020-04-08 22,Northwest,0,0,2,5,2,4
1242,2020-04-08 22,Old Town,0,0,4,4,1,2
1243,2020-04-08 22,Palace Hills,0,0,5,5,2,4
1244,2020-04-08 22,Safe Town,0,0,0,2,0,0
1245,2020-04-08 22,Scenic Vista,0,0,3,4,2,6
1246,2020-04-08 22,Southton,2,1,9,5,9,13
1247,2020-04-08 22,Southwest,0,1,1,6,6,4
1248,2020-04-08 22,Terrapin Springs,3,6,5,3,1,2
1249,2020-04-08 22,West Parton,0,0,0,1,0,0
1250,2020-04-08 22,Weston,0,1,11,2,6,2
1251,2020-04-08 22,Wilson Forest,0,0,0,0,0,0
1252,2020-04-08 23,<Location with-held due to contract>,0,0,0,0,0,0
1253,2020-04-08 23,Broadview,0,2,5,2,3,0
1254,2020-04-08 23,Chapparal,0,0,3,1,3,0
1255,2020-04-08 23,Cheddarford,0,1,5,2,9,3
1256,2020-04-08 23,Downtown,0,10,5,3,14,8
1257,2020-04-08 23,East Parton,0,0,3,2,0,0
1258,2020-04-08 23,Easton,0,4,1,2,4,0
1259,2020-04-08 23,Northwest,2,4,2,3,3,0
1260,2020-04-08 23,Old Town,0,1,3,2,4,2
1261,2020-04-08 23,Palace Hills,0,6,8,4,15,0
1262,2020-04-08 23,Pepper Mill,0,1,1,1,0,2
1263,2020-04-08 23,Safe Town,0,0,2,1,3,0
1264,2020-04-08 23,Scenic Vista,0,1,12,6,12,8
1265,2020-04-08 23,Southton,0,5,8,4,7,0
1266,2020-04-08 23,Southwest,0,3,2,3,10,1
1267,2020-04-08 23,Terrapin Springs,0,6,3,4,0,0
1268,2020-04-08 23,West Parton,0,4,4,1,15,2
1269,2020-04-08 23,Weston,0,2,4,1,5,8
1270,2020-04-08 23,Wilson Forest,0,0,0,0,0,0
1271,2020-04-09 00,<Location with-held due to contract>,0,0,0,1,0,0
1272,2020-04-09 00,Broadview,0,0,0,0,1,1
1273,2020-04-09 00,Chapparal,0,0,2,0,0,0
1274,2020-04-09 00,Cheddarford,3,4,5,0,6,0
1275,2020-04-09 00,Downtown,2,10,4,6,9,14
1276,2020-04-09 00,East Parton,1,0,0,1,1,1
1277,2020-04-09 00,Easton,0,0,2,0,1,0
1278,2020-04-09 00,Northwest,1,0,4,1,5,5
1279,2020-04-09 00,Oak Willow,1,0,2,0,2,1
1280,2020-04-09 00,Old Town,0,0,0,5,6,2
1281,2020-04-09 00,Palace Hills,0,0,1,0,2,0
1282,2020-04-09 00,Pepper Mill,0,0,2,0,2,3
1283,2020-04-09 00,Safe Town,1,2,0,0,1,0
1284,2020-04-09 00,Scenic Vista,1,3,5,0,2,6
1285,2020-04-09 00,Southton,4,9,9,3,7,10
1286,2020-04-09 00,Southwest,3,0,8,7,10,6
1287,2020-04-09 00,Terrapin Springs,0,1,0,1,2,0
1288,2020-04-09 00,West Parton,0,3,3,1,2,2
1289,2020-04-09 00,Weston,3,2,0,5,14,4
1290,2020-04-09 00,Wilson Forest,1,0,0,0,0,0
1291,2020-04-09 01,<Location with-held due to contract>,0,2,0,0,0,0
1292,2020-04-09 01,Broadview,0,2,2,0,0,0
1293,2020-04-09 01,Chapparal,0,0,5,0,0,0
1294,2020-04-09 01,Cheddarford,0,0,2,0,0,0
1295,2020-04-09 01,Downtown,0,1,14,0,0,0
1296,2020-04-09 01,East Parton,0,0,4,0,0,0
1297,2020-04-09 01,Easton,0,0,2,1,0,0
1298,2020-04-09 01,Northwest,0,2,1,0,0,0
1299,2020-04-09 01,Oak Willow,0,0,2,1,0,0
1300,2020-04-09 01,Old Town,0,3,4,2,0,0
1301,2020-04-09 01,Palace Hills,0,0,2,2,3,0
1302,2020-04-09 01,Safe Town,0,0,2,0,0,0
1303,2020-04-09 01,Scenic Vista,0,1,4,0,0,0
1304,2020-04-09 01,Southton,0,2,5,2,0,2
1305,2020-04-09 01,Southwest,2,0,6,2,1,0
1306,2020-04-09 01,Terrapin Springs,0,0,4,0,0,0
1307,2020-04-09 01,West Parton,0,4,10,0,0,0
1308,2020-04-09 01,Weston,1,1,8,0,0,0
1309,2020-04-09 02,<Location with-held due to contract>,0,0,0,1,2,1
1310,2020-04-09 02,Broadview,0,1,8,0,1,0
1311,2020-04-09 02,Chapparal,0,1,1,1,1,2
1312,2020-04-09 02,Cheddarford,0,0,4,1,1,2
1313,2020-04-09 02,Downtown,0,1,1,3,10,6
1314,2020-04-09 02,East Parton,0,1,1,3,6,2
1315,2020-04-09 02,Easton,0,1,1,2,2,0
1316,2020-04-09 02,Northwest,1,1,4,0,3,0
1317,2020-04-09 02,Oak Willow,0,0,1,1,4,1
1318,2020-04-09 02,Old Town,0,2,2,1,1,0
1319,2020-04-09 02,Palace Hills,0,1,1,1,5,1
1320,2020-04-09 02,Pepper Mill,0,0,0,0,1,0
1321,2020-04-09 02,Safe Town,0,1,3,1,3,2
1322,2020-04-09 02,Scenic Vista,0,0,0,0,2,0
1323,2020-04-09 02,Southton,0,1,1,4,6,3
1324,2020-04-09 02,Southwest,0,3,3,4,7,1
1325,2020-04-09 02,Terrapin Springs,0,0,0,1,1,0
1326,2020-04-09 02,West Parton,0,1,0,2,4,1
1327,2020-04-09 02,Weston,0,2,7,3,9,2
1328,2020-04-09 03,<Location with-held due to contract>,0,0,0,1,2,0
1329,2020-04-09 03,Broadview,0,0,2,0,0,0
1330,2020-04-09 03,Chapparal,0,0,2,1,3,0
1331,2020-04-09 03,Cheddarford,0,0,2,1,1,0
1332,2020-04-09 03,Downtown,0,0,7,2,12,0
1333,2020-04-09 03,East Parton,0,0,1,1,0,0
1334,2020-04-09 03,Easton,0,0,0,0,2,0
1335,2020-04-09 03,Northwest,0,0,5,1,7,2
1336,2020-04-09 03,Oak Willow,0,0,2,0,1,0
1337,2020-04-09 03,Old Town,0,0,6,0,3,0
1338,2020-04-09 03,Palace Hills,0,0,1,0,1,0
1339,2020-04-09 03,Pepper Mill,0,0,1,0,0,0
1340,2020-04-09 03,Safe Town,0,0,2,0,3,0
1341,2020-04-09 03,Scenic Vista,0,0,10,0,6,2
1342,2020-04-09 03,Southton,0,0,6,5,10,0
1343,2020-04-09 03,Southwest,1,0,5,2,10,1
1344,2020-04-09 03,Terrapin Springs,0,0,1,0,2,0
1345,2020-04-09 03,West Parton,0,0,1,0,1,0
1346,2020-04-09 03,Weston,0,0,4,3,13,0
1347,2020-04-09 04,Broadview,0,0,0,4,4,2
1348,2020-04-09 04,Chapparal,0,0,0,5,0,0
1349,2020-04-09 04,Cheddarford,0,0,0,2,0,2
1350,2020-04-09 04,Downtown,0,0,5,16,14,2
1351,2020-04-09 04,Easton,0,1,0,2,4,1
1352,2020-04-09 04,Northwest,0,2,3,2,2,0
1353,2020-04-09 04,Oak Willow,0,0,0,0,0,0
1354,2020-04-09 04,Old Town,0,1,0,5,3,5
1355,2020-04-09 04,Palace Hills,0,0,0,3,0,1
1356,2020-04-09 04,Pepper Mill,0,1,2,0,0,0
1357,2020-04-09 04,Safe Town,0,0,0,6,2,0
1358,2020-04-09 04,Scenic Vista,0,0,3,5,2,4
1359,2020-04-09 04,Southton,0,0,0,16,2,0
1360,2020-04-09 04,Southwest,0,0,2,4,2,0
1361,2020-04-09 04,Terrapin Springs,0,0,2,5,5,1
1362,2020-04-09 04,West Parton,0,0,0,5,0,0
1363,2020-04-09 04,Weston,0,0,3,17,4,2
1364,2020-04-09 05,<Location with-held due to contract>,0,0,0,0,0,0
1365,2020-04-09 05,Broadview,0,2,1,2,5,3
1366,2020-04-09 05,Chapparal,0,0,1,0,1,0
1367,2020-04-09 05,Cheddarford,0,0,3,2,4,2
1368,2020-04-09 05,Downtown,0,2,1,2,6,4
1369,2020-04-09 05,East Parton,0,0,0,2,0,0
1370,2020-04-09 05,Easton,0,0,0,0,1,0
1371,2020-04-09 05,Northwest,0,3,5,5,4,2
1372,2020-04-09 05,Oak Willow,0,0,1,1,1,1
1373,2020-04-09 05,Old Town,0,2,1,3,2,1
1374,2020-04-09 05,Palace Hills,0,0,4,0,5,0
1375,2020-04-09 05,Pepper Mill,0,1,0,1,2,0
1376,2020-04-09 05,Safe Town,0,1,2,1,4,0
1377,2020-04-09 05,Scenic Vista,0,1,0,3,0,1
1378,2020-04-09 05,Southton,0,0,9,4,1,4
1379,2020-04-09 05,Southwest,1,4,6,6,3,3
1380,2020-04-09 05,Terrapin Springs,0,0,0,0,1,0
1381,2020-04-09 05,West Parton,0,1,0,0,0,2
1382,2020-04-09 05,Weston,0,3,2,2,1,2
1383,2020-04-09 06,Broadview,0,1,0,1,7,0
1384,2020-04-09 06,Chapparal,0,0,0,0,0,1
1385,2020-04-09 06,Cheddarford,0,1,0,2,4,0
1386,2020-04-09 06,Downtown,3,3,0,9,1,1
1387,2020-04-09 06,East Parton,0,0,0,0,1,0
1388,2020-04-09 06,Easton,2,0,0,0,0,0
1389,2020-04-09 06,Northwest,3,1,2,3,5,3
1390,2020-04-09 06,Old Town,0,1,1,2,9,0
1391,2020-04-09 06,Palace Hills,5,0,2,0,6,0
1392,2020-04-09 06,Pepper Mill,0,0,0,0,2,0
1393,2020-04-09 06,Safe Town,2,1,4,4,7,0
1394,2020-04-09 06,Scenic Vista,4,1,4,3,5,0
1395,2020-04-09 06,Southton,0,2,3,3,1,2
1396,2020-04-09 06,Southwest,2,1,3,7,6,2
1397,2020-04-09 06,Terrapin Springs,0,0,0,3,1,2
1398,2020-04-09 06,West Parton,2,0,2,0,0,0
1399,2020-04-09 06,Weston,2,1,4,1,9,2
1400,2020-04-09 06,Wilson Forest,0,0,0,1,0,0
1401,2020-04-09 07,<Location with-held due to contract>,0,0,1,0,2,0
1402,2020-04-09 07,Broadview,0,0,1,0,12,14
1403,2020-04-09 07,Chapparal,0,0,1,0,11,3
1404,2020-04-09 07,Cheddarford,0,0,0,2,6,5
1405,2020-04-09 07,Downtown,0,8,5,0,5,7
1406,2020-04-09 07,East Parton,0,0,0,0,0,0
1407,2020-04-09 07,Easton,0,0,0,0,0,0
1408,2020-04-09 07,Northwest,0,0,3,2,12,1
1409,2020-04-09 07,Oak Willow,0,1,0,1,3,4
1410,2020-04-09 07,Old Town,0,3,0,4,2,2
1411,2020-04-09 07,Palace Hills,0,0,0,0,2,6
1412,2020-04-09 07,Pepper Mill,0,0,0,0,1,0
1413,2020-04-09 07,Safe Town,0,2,1,1,6,3
1414,2020-04-09 07,Scenic Vista,0,6,6,1,11,0
1415,2020-04-09 07,Southton,0,7,6,5,14,9
1416,2020-04-09 07,Southwest,0,1,3,4,15,1
1417,2020-04-09 07,Terrapin Springs,0,0,3,1,6,1
1418,2020-04-09 07,West Parton,4,4,2,0,4,0
1419,2020-04-09 07,Weston,1,3,5,3,21,5
1420,2020-04-09 08,<Location with-held due to contract>,0,3,0,7,3,0
1421,2020-04-09 08,Broadview,2,0,6,3,2,7
1422,2020-04-09 08,Chapparal,6,6,4,2,12,5
1423,2020-04-09 08,Cheddarford,6,1,6,5,14,7
1424,2020-04-09 08,Downtown,4,15,6,19,31,15
1425,2020-04-09 08,East Parton,0,0,0,0,2,0
1426,2020-04-09 08,Easton,0,0,0,12,5,3
1427,2020-04-09 08,Northwest,8,5,6,5,8,12
1428,2020-04-09 08,Oak Willow,0,2,0,5,3,13
1429,2020-04-09 08,Old Town,2,2,3,4,6,10
1430,2020-04-09 08,Palace Hills,0,0,2,15,6,11
1431,2020-04-09 08,Pepper Mill,0,0,0,1,1,0
1432,2020-04-09 08,Safe Town,0,2,5,2,6,9
1433,2020-04-09 08,Scenic Vista,2,7,7,13,20,16
1434,2020-04-09 08,Southton,2,4,2,7,24,10
1435,2020-04-09 08,Southwest,6,5,9,10,14,5
1436,2020-04-09 08,Terrapin Springs,2,3,3,4,8,10
1437,2020-04-09 08,West Parton,0,1,0,16,7,3
1438,2020-04-09 08,Weston,0,0,4,28,25,11
1439,2020-04-09 08,Wilson Forest,0,0,0,0,0,1
1440,2020-04-09 09,<Location with-held due to contract>,0,0,3,1,0,2
1441,2020-04-09 09,Broadview,0,4,4,4,0,4
1442,2020-04-09 09,Chapparal,0,3,3,1,0,2
1443,2020-04-09 09,Cheddarford,0,4,6,4,4,2
1444,2020-04-09 09,Downtown,0,7,7,13,5,7
1445,2020-04-09 09,East Parton,0,0,6,0,0,1
1446,2020-04-09 09,Easton,0,0,0,2,0,0
1447,2020-04-09 09,Northwest,0,2,0,3,3,0
1448,2020-04-09 09,Oak Willow,0,1,2,2,2,0
1449,2020-04-09 09,Old Town,0,0,8,5,1,2
1450,2020-04-09 09,Palace Hills,0,2,9,1,3,2
1451,2020-04-09 09,Pepper Mill,0,0,6,2,0,4
1452,2020-04-09 09,Safe Town,0,0,9,3,7,4
1453,2020-04-09 09,Scenic Vista,0,3,5,3,9,2
1454,2020-04-09 09,Southton,0,3,5,5,14,4
1455,2020-04-09 09,Southwest,0,0,0,7,3,2
1456,2020-04-09 09,Terrapin Springs,0,0,4,4,3,0
1457,2020-04-09 09,West Parton,0,2,3,0,3,1
1458,2020-04-09 09,Weston,0,9,9,5,14,4
1459,2020-04-09 09,Wilson Forest,0,0,2,0,0,0
1460,2020-04-09 10,<Location with-held due to contract>,0,0,0,0,5,0
1461,2020-04-09 10,Broadview,0,3,4,6,8,5
1462,2020-04-09 10,Chapparal,2,4,4,0,2,0
1463,2020-04-09 10,Cheddarford,0,0,7,1,14,0
1464,2020-04-09 10,Downtown,2,3,23,3,30,10
1465,2020-04-09 10,East Parton,0,1,1,2,2,0
1466,2020-04-09 10,Easton,0,1,0,0,0,1
1467,2020-04-09 10,Northwest,0,4,6,0,13,5
1468,2020-04-09 10,Oak Willow,0,1,10,4,4,4
1469,2020-04-09 10,Old Town,0,1,7,1,3,0
1470,2020-04-09 10,Palace Hills,0,3,17,2,11,2
1471,2020-04-09 10,Pepper Mill,0,0,3,2,2,0
1472,2020-04-09 10,Safe Town,0,1,3,3,9,0
1473,2020-04-09 10,Scenic Vista,4,5,10,8,17,6
1474,2020-04-09 10,Southton,2,4,7,10,14,10
1475,2020-04-09 10,Southwest,1,2,8,4,18,4
1476,2020-04-09 10,Terrapin Springs,2,1,4,2,6,2
1477,2020-04-09 10,West Parton,0,1,11,2,4,2
1478,2020-04-09 10,Weston,2,1,7,5,11,2
1479,2020-04-09 10,Wilson Forest,0,0,0,1,0,0
1480,2020-04-09 11,<Location with-held due to contract>,0,3,0,0,0,0
1481,2020-04-09 11,Broadview,0,2,9,1,10,2
1482,2020-04-09 11,Chapparal,0,2,5,3,2,0
1483,2020-04-09 11,Cheddarford,0,0,8,4,7,4
1484,2020-04-09 11,Downtown,0,1,14,7,10,2
1485,2020-04-09 11,East Parton,0,1,7,1,0,0
1486,2020-04-09 11,Easton,0,0,12,2,3,3
1487,2020-04-09 11,Northwest,0,4,17,4,8,2
1488,2020-04-09 11,Oak Willow,0,1,10,1,4,2
1489,2020-04-09 11,Old Town,0,2,7,1,4,6
1490,2020-04-09 11,Palace Hills,4,0,18,5,9,4
1491,2020-04-09 11,Pepper Mill,0,0,2,1,0,0
1492,2020-04-09 11,Safe Town,0,0,8,5,11,1
1493,2020-04-09 11,Scenic Vista,2,2,18,6,22,6
1494,2020-04-09 11,Southton,0,8,15,2,14,1
1495,2020-04-09 11,Southwest,2,1,8,1,10,0
1496,2020-04-09 11,Terrapin Springs,3,2,2,2,8,1
1497,2020-04-09 11,West Parton,0,1,5,2,0,5
1498,2020-04-09 11,Weston,2,7,25,7,14,6
1499,2020-04-09 11,Wilson Forest,0,0,0,0,0,0
1500,2020-04-09 12,Broadview,0,4,2,2,4,12
1501,2020-04-09 12,Chapparal,0,4,2,1,4,2
1502,2020-04-09 12,Cheddarford,0,0,0,0,10,0
1503,2020-04-09 12,Downtown,1,7,14,6,21,6
1504,2020-04-09 12,East Parton,0,4,1,0,2,5
1505,2020-04-09 12,Easton,0,1,1,1,4,1
1506,2020-04-09 12,Northwest,0,5,11,3,14,3
1507,2020-04-09 12,Oak Willow,0,0,1,2,0,2
1508,2020-04-09 12,Old Town,1,3,8,3,16,3
1509,2020-04-09 12,Palace Hills,0,9,12,6,23,2
1510,2020-04-09 12,Pepper Mill,0,1,4,0,4,5
1511,2020-04-09 12,Safe Town,0,2,0,0,16,6
1512,2020-04-09 12,Scenic Vista,0,9,6,2,11,4
1513,2020-04-09 12,Southton,0,6,6,1,7,0
1514,2020-04-09 12,Southwest,0,3,7,6,20,4
1515,2020-04-09 12,Terrapin Springs,0,6,4,0,5,9
1516,2020-04-09 12,West Parton,0,3,7,1,1,0
1517,2020-04-09 12,Weston,0,10,10,1,13,3
1518,2020-04-09 12,Wilson Forest,0,0,0,0,0,0
1519,2020-04-09 13,Broadview,0,2,4,2,3,4
1520,2020-04-09 13,Chapparal,0,0,3,2,3,14
1521,2020-04-09 13,Cheddarford,0,3,5,0,4,8
1522,2020-04-09 13,Downtown,0,2,3,5,7,7
1523,2020-04-09 13,East Parton,0,0,1,1,0,0
1524,2020-04-09 13,Easton,0,2,5,0,1,4
1525,2020-04-09 13,Northwest,0,5,9,3,5,11
1526,2020-04-09 13,Oak Willow,0,2,1,1,5,1
1527,2020-04-09 13,Old Town,0,4,1,0,6,1
1528,2020-04-09 13,Palace Hills,0,5,11,1,2,2
1529,2020-04-09 13,Pepper Mill,0,0,0,1,1,0
1530,2020-04-09 13,Safe Town,0,0,4,3,0,2
1531,2020-04-09 13,Scenic Vista,0,9,16,4,4,9
1532,2020-04-09 13,Southton,0,8,11,1,8,9
1533,2020-04-09 13,Southwest,0,3,6,0,0,12
1534,2020-04-09 13,Terrapin Springs,0,5,1,1,7,6
1535,2020-04-09 13,West Parton,0,2,4,0,5,2
1536,2020-04-09 13,Weston,0,5,9,5,2,14
1537,2020-04-09 13,Wilson Forest,0,0,0,0,0,4
1538,2020-04-09 14,<Location with-held due to contract>,0,0,0,4,0,0
1539,2020-04-09 14,Broadview,0,0,10,0,7,1
1540,2020-04-09 14,Chapparal,2,0,2,0,2,0
1541,2020-04-09 14,Cheddarford,2,0,3,1,3,2
1542,2020-04-09 14,Downtown,0,7,18,11,4,7
1543,2020-04-09 14,East Parton,0,0,4,1,1,0
1544,2020-04-09 14,Easton,2,2,3,1,6,3
1545,2020-04-09 14,Northwest,0,2,15,5,5,0
1546,2020-04-09 14,Oak Willow,2,3,4,5,6,3
1547,2020-04-09 14,Old Town,0,2,10,5,2,4
1548,2020-04-09 14,Palace Hills,6,1,5,11,2,0
1549,2020-04-09 14,Pepper Mill,0,1,1,0,0,0
1550,2020-04-09 14,Safe Town,0,1,4,2,1,2
1551,2020-04-09 14,Scenic Vista,0,5,14,8,9,4
1552,2020-04-09 14,Southton,2,6,14,6,3,7
1553,2020-04-09 14,Southwest,0,1,2,3,11,0
1554,2020-04-09 14,Terrapin Springs,0,2,8,3,2,4
1555,2020-04-09 14,West Parton,0,3,13,1,4,0
1556,2020-04-09 14,Weston,4,1,8,5,6,1
1557,2020-04-09 15,<Location with-held due to contract>,0,0,2,2,0,0
1558,2020-04-09 15,Broadview,12,1,3,14,7,0
1559,2020-04-09 15,Chapparal,4,1,2,4,2,0
1560,2020-04-09 15,Cheddarford,18,4,1,9,10,0
1561,2020-04-09 15,Downtown,30,4,3,17,9,5
1562,2020-04-09 15,East Parton,11,1,0,2,3,0
1563,2020-04-09 15,Easton,3,1,3,1,2,0
1564,2020-04-09 15,Northwest,9,3,2,13,6,2
1565,2020-04-09 15,Oak Willow,3,1,2,1,2,2
1566,2020-04-09 15,Old Town,5,2,1,5,3,4
1567,2020-04-09 15,Palace Hills,13,3,1,13,6,2
1568,2020-04-09 15,Pepper Mill,2,0,0,3,0,0
1569,2020-04-09 15,Safe Town,3,3,1,1,6,2
1570,2020-04-09 15,Scenic Vista,5,2,1,1,4,2
1571,2020-04-09 15,Southton,21,3,0,11,7,2
1572,2020-04-09 15,Southwest,14,6,4,11,9,3
1573,2020-04-09 15,Terrapin Springs,12,3,0,6,3,0
1574,2020-04-09 15,West Parton,7,5,2,3,8,4
1575,2020-04-09 15,Weston,23,17,8,24,21,7
1576,2020-04-09 16,Broadview,0,0,4,1,3,2
1577,2020-04-09 16,Chapparal,2,0,0,2,0,0
1578,2020-04-09 16,Cheddarford,2,1,0,3,8,0
1579,2020-04-09 16,Downtown,3,1,4,5,0,1
1580,2020-04-09 16,East Parton,2,0,2,1,3,2
1581,2020-04-09 16,Easton,0,0,1,1,3,0
1582,2020-04-09 16,Northwest,4,1,5,4,3,0
1583,2020-04-09 16,Oak Willow,1,3,6,5,4,6
1584,2020-04-09 16,Old Town,3,0,0,0,0,2
1585,2020-04-09 16,Palace Hills,1,0,8,2,0,0
1586,2020-04-09 16,Pepper Mill,2,0,4,2,0,0
1587,2020-04-09 16,Safe Town,0,1,5,3,6,0
1588,2020-04-09 16,Scenic Vista,2,2,4,2,9,3
1589,2020-04-09 16,Southton,7,0,9,2,11,4
1590,2020-04-09 16,Southwest,3,2,4,7,4,4
1591,2020-04-09 16,Terrapin Springs,2,0,2,3,7,0
1592,2020-04-09 16,West Parton,2,0,0,2,3,2
1593,2020-04-09 16,Weston,3,0,8,3,13,4
1594,2020-04-09 17,<Location with-held due to contract>,0,0,0,0,0,0
1595,2020-04-09 17,Broadview,0,3,5,2,1,1
1596,2020-04-09 17,Chapparal,0,0,0,0,0,0
1597,2020-04-09 17,Cheddarford,0,0,0,1,1,2
1598,2020-04-09 17,Downtown,1,1,6,1,0,4
1599,2020-04-09 17,East Parton,0,0,0,0,1,0
1600,2020-04-09 17,Easton,0,0,2,1,0,0
1601,2020-04-09 17,Northwest,0,0,0,2,0,2
1602,2020-04-09 17,Oak Willow,0,0,0,0,0,4
1603,2020-04-09 17,Old Town,1,1,0,0,0,1
1604,2020-04-09 17,Palace Hills,1,0,0,0,1,0
1605,2020-04-09 17,Pepper Mill,0,1,0,0,0,0
1606,2020-04-09 17,Safe Town,0,0,2,1,0,4
1607,2020-04-09 17,Scenic Vista,0,0,0,0,0,0
1608,2020-04-09 17,Southton,0,0,1,3,1,4
1609,2020-04-09 17,Southwest,0,0,0,0,0,2
1610,2020-04-09 17,Terrapin Springs,0,1,1,0,0,0
1611,2020-04-09 17,West Parton,4,0,0,0,1,0
1612,2020-04-09 17,Weston,1,0,0,1,1,2
1613,2020-04-09 18,Broadview,0,0,0,0,1,2
1614,2020-04-09 18,Chapparal,0,0,0,0,0,0
1615,2020-04-09 18,Cheddarford,0,0,0,0,0,0
1616,2020-04-09 18,Downtown,0,3,3,1,10,0
1617,2020-04-09 18,East Parton,0,0,0,1,6,1
1618,2020-04-09 18,Easton,0,0,0,0,1,0
1619,2020-04-09 18,Northwest,0,0,0,0,0,1
1620,2020-04-09 18,Oak Willow,0,0,0,0,0,2
1621,2020-04-09 18,Old Town,0,3,2,0,0,0
1622,2020-04-09 18,Palace Hills,2,0,0,0,0,0
1623,2020-04-09 18,Pepper Mill,0,0,0,0,0,2
1624,2020-04-09 18,Safe Town,0,0,0,1,1,0
1625,2020-04-09 18,Scenic Vista,0,3,2,0,1,0
1626,2020-04-09 18,Southton,2,1,1,2,1,0
1627,2020-04-09 18,Southwest,0,0,0,0,1,0
1628,2020-04-09 18,Terrapin Springs,2,3,2,0,1,1
1629,2020-04-09 18,West Parton,1,0,1,0,0,0
1630,2020-04-09 18,Weston,0,6,7,2,1,7
1631,2020-04-09 19,<Location with-held due to contract>,0,0,0,1,3,2
1632,2020-04-09 19,Broadview,1,3,2,2,0,2
1633,2020-04-09 19,Chapparal,0,0,1,5,2,1
1634,2020-04-09 19,Cheddarford,0,6,5,3,5,3
1635,2020-04-09 19,Downtown,1,6,4,24,1,7
1636,2020-04-09 19,East Parton,0,0,0,2,8,2
1637,2020-04-09 19,Easton,0,0,2,2,0,0
1638,2020-04-09 19,Northwest,3,3,3,3,4,1
1639,2020-04-09 19,Oak Willow,0,0,1,4,7,7
1640,2020-04-09 19,Old Town,0,1,0,1,8,1
1641,2020-04-09 19,Palace Hills,1,4,4,8,10,9
1642,2020-04-09 19,Pepper Mill,0,0,0,2,0,0
1643,2020-04-09 19,Safe Town,0,0,0,3,0,1
1644,2020-04-09 19,Scenic Vista,0,4,2,4,0,3
1645,2020-04-09 19,Southton,0,3,7,5,5,7
1646,2020-04-09 19,Southwest,2,1,0,6,10,7
1647,2020-04-09 19,Terrapin Springs,0,0,0,1,0,0
1648,2020-04-09 19,West Parton,1,0,0,1,1,2
1649,2020-04-09 19,Weston,0,6,5,12,11,6
1650,2020-04-09 20,Broadview,2,0,0,8,0,0
1651,2020-04-09 20,Chapparal,0,0,0,0,1,0
1652,2020-04-09 20,Cheddarford,0,0,2,6,1,2
1653,2020-04-09 20,Downtown,1,1,3,10,0,2
1654,2020-04-09 20,East Parton,0,0,0,0,1,0
1655,2020-04-09 20,Easton,0,0,0,0,0,0
1656,2020-04-09 20,Northwest,0,0,4,3,0,4
1657,2020-04-09 20,Oak Willow,0,0,0,5,0,0
1658,2020-04-09 20,Old Town,0,0,0,4,1,0
1659,2020-04-09 20,Palace Hills,0,0,0,9,9,4
1660,2020-04-09 20,Pepper Mill,0,0,0,1,0,0
1661,2020-04-09 20,Safe Town,0,0,0,3,1,0
1662,2020-04-09 20,Scenic Vista,0,1,1,1,1,2
1663,2020-04-09 20,Southton,0,0,6,8,6,0
1664,2020-04-09 20,Southwest,0,1,0,13,11,2
1665,2020-04-09 20,Terrapin Springs,0,0,0,4,0,0
1666,2020-04-09 20,West Parton,0,0,5,9,1,0
1667,2020-04-09 20,Weston,0,3,7,9,0,7
1668,2020-04-09 21,Broadview,0,0,0,0,0,0
1669,2020-04-09 21,Chapparal,0,0,0,0,0,0
1670,2020-04-09 21,Cheddarford,0,0,0,1,0,0
1671,2020-04-09 21,Downtown,0,0,1,2,0,0
1672,2020-04-09 21,East Parton,0,0,0,0,0,0
1673,2020-04-09 21,Northwest,2,0,0,0,0,0
1674,2020-04-09 21,Oak Willow,0,0,0,0,1,0
1675,2020-04-09 21,Old Town,0,0,0,0,0,0
1676,2020-04-09 21,Palace Hills,0,0,0,0,1,0
1677,2020-04-09 21,Pepper Mill,0,0,0,1,0,0
1678,2020-04-09 21,Safe Town,0,0,0,0,0,0
1679,2020-04-09 21,Scenic Vista,0,0,0,0,0,0
1680,2020-04-09 21,Southton,0,0,0,0,0,0
1681,2020-04-09 21,Southwest,0,0,0,1,0,1
1682,2020-04-09 21,Terrapin Springs,0,0,0,0,0,0
1683,2020-04-09 21,West Parton,0,0,0,0,1,0
1684,2020-04-09 21,Weston,0,0,0,1,0,0
1685,2020-04-09 22,Broadview,0,0,0,0,0,0
1686,2020-04-09 22,Chapparal,0,0,0,0,0,0
1687,2020-04-09 22,Cheddarford,0,0,0,0,1,2
1688,2020-04-09 22,Downtown,1,0,0,0,0,0
1689,2020-04-09 22,East Parton,0,0,0,0,0,0
1690,2020-04-09 22,Easton,0,0,0,0,0,0
1691,2020-04-09 22,Northwest,0,0,0,0,0,0
1692,2020-04-09 22,Oak Willow,0,0,0,1,0,1
1693,2020-04-09 22,Old Town,0,0,2,0,0,0
1694,2020-04-09 22,Palace Hills,0,1,4,0,0,0
1695,2020-04-09 22,Pepper Mill,0,0,0,0,0,0
1696,2020-04-09 22,Safe Town,0,1,0,0,0,0
1697,2020-04-09 22,Scenic Vista,0,0,2,0,1,0
1698,2020-04-09 22,Southton,0,0,1,0,1,0
1699,2020-04-09 22,Southwest,1,0,0,0,0,0
1700,2020-04-09 22,Terrapin Springs,0,1,0,0,0,0
1701,2020-04-09 22,West Parton,0,0,0,0,0,0
1702,2020-04-09 22,Weston,0,0,0,1,0,0
1703,2020-04-09 22,Wilson Forest,0,0,1,0,0,0
1704,2020-04-09 23,Broadview,0,0,3,1,4,0
1705,2020-04-09 23,Chapparal,0,0,1,0,0,0
1706,2020-04-09 23,Downtown,0,0,2,0,1,0
1707,2020-04-09 23,East Parton,0,0,4,0,1,0
1708,2020-04-09 23,Easton,0,0,0,0,0,0
1709,2020-04-09 23,Northwest,0,0,2,0,0,0
1710,2020-04-09 23,Oak Willow,0,0,1,0,0,0
1711,2020-04-09 23,Palace Hills,0,0,3,0,0,0
1712,2020-04-09 23,Pepper Mill,0,0,2,0,0,0
1713,2020-04-09 23,Safe Town,0,0,2,0,0,0
1714,2020-04-09 23,Scenic Vista,0,0,1,0,1,0
1715,2020-04-09 23,Southton,1,0,6,0,0,0
1716,2020-04-09 23,Southwest,0,0,4,0,0,0
1717,2020-04-09 23,Terrapin Springs,0,0,2,0,0,0
1718,2020-04-09 23,West Parton,0,0,0,0,0,0
1719,2020-04-09 23,Weston,0,0,2,0,1,0
1720,2020-04-10 00,<Location with-held due to contract>,0,0,0,1,4,0
1721,2020-04-10 00,Broadview,0,2,3,1,6,0
1722,2020-04-10 00,Chapparal,0,0,0,0,0,0
1723,2020-04-10 00,Cheddarford,0,0,0,4,10,2
1724,2020-04-10 00,Downtown,0,0,6,4,20,4
1725,2020-04-10 00,East Parton,0,0,0,3,5,1
1726,2020-04-10 00,Easton,0,0,3,0,1,0
1727,2020-04-10 00,Northwest,0,0,4,1,8,2
1728,2020-04-10 00,Oak Willow,0,0,0,2,6,1
1729,2020-04-10 00,Old Town,0,0,1,0,5,2
1730,2020-04-10 00,Palace Hills,0,0,2,2,3,0
1731,2020-04-10 00,Pepper Mill,0,2,1,0,0,0
1732,2020-04-10 00,Safe Town,0,0,3,1,10,3
1733,2020-04-10 00,Scenic Vista,0,0,0,0,1,0
1734,2020-04-10 00,Southton,0,0,1,6,17,5
1735,2020-04-10 00,Southwest,0,1,6,6,19,3
1736,2020-04-10 00,Terrapin Springs,0,1,1,0,0,0
1737,2020-04-10 00,West Parton,0,1,3,1,4,0
1738,2020-04-10 00,Weston,0,1,7,7,24,6
1739,2020-04-10 01,Broadview,0,0,2,0,0,0
1740,2020-04-10 01,Chapparal,0,0,0,0,0,0
1741,2020-04-10 01,Cheddarford,0,0,2,0,1,0
1742,2020-04-10 01,Downtown,0,0,0,0,0,0
1743,2020-04-10 01,East Parton,0,0,2,0,1,0
1744,2020-04-10 01,Easton,0,0,0,0,0,0
1745,2020-04-10 01,Northwest,0,0,2,1,6,1
1746,2020-04-10 01,Oak Willow,0,0,0,0,0,0
1747,2020-04-10 01,Old Town,0,1,3,0,1,0
1748,2020-04-10 01,Palace Hills,0,0,4,0,2,0
1749,2020-04-10 01,Southton,0,0,0,2,0,0
1750,2020-04-10 01,Southwest,0,0,0,1,7,1
1751,2020-04-10 01,Terrapin Springs,0,0,0,0,0,0
1752,2020-04-10 01,Weston,0,0,2,0,0,0
1753,2020-04-10 01,Wilson Forest,0,0,0,0,0,0
1754,2020-04-10 02,<Location with-held due to contract>,0,1,1,2,0,0
1755,2020-04-10 02,Broadview,0,0,1,0,0,0
1756,2020-04-10 02,Cheddarford,0,0,2,0,0,0
1757,2020-04-10 02,Downtown,0,1,1,2,0,0
1758,2020-04-10 02,Easton,0,0,1,0,0,0
1759,2020-04-10 02,Northwest,0,0,2,0,0,0
1760,2020-04-10 02,Oak Willow,0,0,1,0,0,0
1761,2020-04-10 02,Old Town,0,0,2,0,0,0
1762,2020-04-10 02,Palace Hills,0,0,0,0,0,0
1763,2020-04-10 02,Safe Town,0,0,2,0,0,0
1764,2020-04-10 02,Scenic Vista,0,0,1,0,0,0
1765,2020-04-10 02,Southton,0,0,2,0,0,0
1766,2020-04-10 02,Southwest,0,1,2,2,0,0
1767,2020-04-10 02,West Parton,0,1,2,2,0,0
1768,2020-04-10 02,Weston,0,2,4,4,1,0
1769,2020-04-10 03,<Location with-held due to contract>,0,1,0,1,0,0
1770,2020-04-10 03,Broadview,0,1,0,6,1,2
1771,2020-04-10 03,Chapparal,0,0,0,0,1,0
1772,2020-04-10 03,Cheddarford,0,0,0,0,0,2
1773,2020-04-10 03,Downtown,0,0,0,2,0,8
1774,2020-04-10 03,East Parton,0,0,0,0,0,0
1775,2020-04-10 03,Easton,0,2,0,0,0,0
1776,2020-04-10 03,Northwest,0,0,0,0,0,0
1777,2020-04-10 03,Oak Willow,0,1,1,3,1,0
1778,2020-04-10 03,Old Town,0,0,0,1,0,0
1779,2020-04-10 03,Palace Hills,0,0,0,0,0,2
1780,2020-04-10 03,Pepper Mill,0,0,0,1,0,0
1781,2020-04-10 03,Safe Town,0,2,0,2,1,0
1782,2020-04-10 03,Scenic Vista,0,0,0,0,0,0
1783,2020-04-10 03,Southton,0,0,0,3,0,2
1784,2020-04-10 03,Southwest,0,3,1,2,0,0
1785,2020-04-10 03,Terrapin Springs,0,0,0,0,0,0
1786,2020-04-10 03,West Parton,0,0,0,2,0,2
1787,2020-04-10 03,Weston,0,2,2,5,0,0
1788,2020-04-10 04,Broadview,0,3,0,1,0,2
1789,2020-04-10 04,Chapparal,0,0,1,0,4,0
1790,2020-04-10 04,Cheddarford,0,2,0,0,0,0
1791,2020-04-10 04,Downtown,0,4,2,2,5,0
1792,2020-04-10 04,East Parton,0,2,0,0,0,0
1793,2020-04-10 04,Easton,0,0,0,0,0,1
1794,2020-04-10 04,Northwest,0,3,0,2,0,0
1795,2020-04-10 04,Oak Willow,0,3,1,2,4,0
1796,2020-04-10 04,Old Town,0,0,3,1,0,2
1797,2020-04-10 04,Palace Hills,0,1,1,0,0,0
1798,2020-04-10 04,Pepper Mill,0,1,1,1,0,0
1799,2020-04-10 04,Safe Town,0,0,0,0,0,0
1800,2020-04-10 04,Scenic Vista,0,1,1,0,2,0
1801,2020-04-10 04,Southton,0,8,1,0,1,0
1802,2020-04-10 04,Southwest,0,5,0,2,0,0
1803,2020-04-10 04,Terrapin Springs,0,0,0,0,0,0
1804,2020-04-10 04,West Parton,0,2,1,4,2,0
1805,2020-04-10 04,Weston,0,4,2,1,6,2
1806,2020-04-10 05,<Location with-held due to contract>,0,0,0,1,0,0
1807,2020-04-10 05,Broadview,0,2,15,2,1,0
1808,2020-04-10 05,Chapparal,0,0,0,1,1,0
1809,2020-04-10 05,Cheddarford,0,0,4,2,6,2
1810,2020-04-10 05,Downtown,0,2,23,4,4,2
1811,2020-04-10 05,East Parton,0,0,1,0,0,0
1812,2020-04-10 05,Easton,0,1,5,0,0,0
1813,2020-04-10 05,Northwest,0,1,1,0,8,1
1814,2020-04-10 05,Oak Willow,0,2,6,1,3,0
1815,2020-04-10 05,Old Town,0,0,0,2,7,0
1816,2020-04-10 05,Palace Hills,0,1,5,1,0,2
1817,2020-04-10 05,Pepper Mill,0,1,5,4,0,4
1818,2020-04-10 05,Safe Town,0,0,2,1,2,0
1819,2020-04-10 05,Scenic Vista,0,0,0,0,0,1
1820,2020-04-10 05,Southton,0,1,14,5,6,8
1821,2020-04-10 05,Southwest,0,2,8,2,2,6
1822,2020-04-10 05,Terrapin Springs,0,1,1,1,2,2
1823,2020-04-10 05,UNKNOWN,0,0,0,0,0,0
1824,2020-04-10 05,West Parton,0,0,1,2,0,4
1825,2020-04-10 05,Weston,0,1,8,3,8,5
1826,2020-04-10 06,Broadview,0,0,0,0,4,0
1827,2020-04-10 06,Cheddarford,0,0,0,0,2,4
1828,2020-04-10 06,Downtown,0,0,1,3,5,2
1829,2020-04-10 06,East Parton,0,0,0,1,0,0
1830,2020-04-10 06,Easton,0,0,0,0,1,0
1831,2020-04-10 06,Northwest,0,0,0,1,2,0
1832,2020-04-10 06,Oak Willow,0,0,2,0,1,0
1833,2020-04-10 06,Old Town,0,0,0,2,1,0
1834,2020-04-10 06,Palace Hills,0,0,0,0,3,0
1835,2020-04-10 06,Pepper Mill,0,0,5,1,0,0
1836,2020-04-10 06,Safe Town,0,0,0,0,1,0
1837,2020-04-10 06,Scenic Vista,0,0,0,0,3,2
1838,2020-04-10 06,Southton,0,1,3,1,3,3
1839,2020-04-10 06,Southwest,0,0,1,2,5,0
1840,2020-04-10 06,Terrapin Springs,0,0,0,1,0,0
1841,2020-04-10 06,West Parton,0,0,1,0,1,0
1842,2020-04-10 06,Weston,0,1,3,2,1,6
1843,2020-04-10 07,<Location with-held due to contract>,0,1,0,0,0,0
1844,2020-04-10 07,Broadview,0,0,0,3,3,4
1845,2020-04-10 07,Chapparal,0,0,0,0,1,0
1846,2020-04-10 07,Cheddarford,0,2,0,1,4,5
1847,2020-04-10 07,Downtown,0,2,4,4,8,12
1848,2020-04-10 07,East Parton,0,0,2,0,6,2
1849,2020-04-10 07,Easton,0,0,0,1,2,2
1850,2020-04-10 07,Northwest,0,0,1,1,4,4
1851,2020-04-10 07,Oak Willow,0,1,0,2,9,2
1852,2020-04-10 07,Old Town,0,1,0,4,5,0
1853,2020-04-10 07,Palace Hills,0,1,1,4,4,2
1854,2020-04-10 07,Pepper Mill,0,0,0,0,1,0
1855,2020-04-10 07,Safe Town,0,1,0,0,0,0
1856,2020-04-10 07,Scenic Vista,0,1,0,4,0,0
1857,2020-04-10 07,Southton,1,2,5,5,14,8
1858,2020-04-10 07,Southwest,0,5,2,6,20,6
1859,2020-04-10 07,Terrapin Springs,0,1,0,2,6,0
1860,2020-04-10 07,UNKNOWN,0,0,0,0,0,0
1861,2020-04-10 07,West Parton,0,3,3,4,5,6
1862,2020-04-10 07,Weston,0,3,0,4,13,2
1863,2020-04-10 07,Wilson Forest,0,0,0,0,0,0
1864,2020-04-10 08,Broadview,0,1,3,2,3,2
1865,2020-04-10 08,Chapparal,0,0,2,0,4,0
1866,2020-04-10 08,Cheddarford,0,2,3,4,6,0
1867,2020-04-10 08,Downtown,0,0,1,2,6,4
1868,2020-04-10 08,East Parton,0,0,0,1,1,0
1869,2020-04-10 08,Easton,0,0,1,2,3,0
1870,2020-04-10 08,Northwest,0,0,2,3,8,0
1871,2020-04-10 08,Oak Willow,0,1,0,4,2,1
1872,2020-04-10 08,Old Town,0,0,1,1,1,0
1873,2020-04-10 08,Palace Hills,0,0,2,0,0,0
1874,2020-04-10 08,Pepper Mill,0,0,0,0,2,0
1875,2020-04-10 08,Safe Town,0,0,0,1,3,0
1876,2020-04-10 08,Scenic Vista,0,1,0,2,0,0
1877,2020-04-10 08,Southton,0,0,1,0,4,6
1878,2020-04-10 08,Southwest,0,0,2,2,6,0
1879,2020-04-10 08,Terrapin Springs,0,0,2,3,4,2
1880,2020-04-10 08,West Parton,1,1,2,1,7,0
1881,2020-04-10 08,Weston,0,1,1,3,4,4
1882,2020-04-10 09,<Location with-held due to contract>,0,1,0,0,1,0
1883,2020-04-10 09,Broadview,0,3,9,0,21,0
1884,2020-04-10 09,Chapparal,0,1,2,0,8,0
1885,2020-04-10 09,Cheddarford,0,1,2,1,7,1
1886,2020-04-10 09,Downtown,1,1,12,1,17,4
1887,2020-04-10 09,East Parton,0,1,0,0,2,0
1888,2020-04-10 09,Easton,0,0,0,0,7,0
1889,2020-04-10 09,Northwest,0,2,10,1,20,0
1890,2020-04-10 09,Oak Willow,0,0,3,1,4,2
1891,2020-04-10 09,Old Town,0,1,1,1,10,2
1892,2020-04-10 09,Palace Hills,0,0,6,1,8,3
1893,2020-04-10 09,Pepper Mill,0,0,2,0,2,0
1894,2020-04-10 09,Safe Town,0,1,4,1,4,2
1895,2020-04-10 09,Scenic Vista,0,1,4,0,6,0
1896,2020-04-10 09,Southton,0,4,7,0,8,12
1897,2020-04-10 09,Southwest,0,2,10,2,17,0
1898,2020-04-10 09,Terrapin Springs,0,0,4,1,5,2
1899,2020-04-10 09,West Parton,1,1,2,1,1,2
1900,2020-04-10 09,Weston,0,0,12,2,11,1
1901,2020-04-10 09,Wilson Forest,0,0,0,1,0,0
1902,2020-04-10 10,<Location with-held due to contract>,0,0,0,1,1,2
1903,2020-04-10 10,Broadview,0,0,2,0,4,0
1904,2020-04-10 10,Chapparal,0,0,0,1,0,2
1905,2020-04-10 10,Cheddarford,0,0,3,2,2,4
1906,2020-04-10 10,Downtown,0,2,1,2,8,7
1907,2020-04-10 10,East Parton,0,0,0,1,2,2
1908,2020-04-10 10,Easton,0,0,1,2,3,0
1909,2020-04-10 10,Northwest,0,0,1,3,2,0
1910,2020-04-10 10,Oak Willow,0,1,4,2,1,3
1911,2020-04-10 10,Old Town,0,0,0,1,2,2
1912,2020-04-10 10,Palace Hills,0,0,0,0,1,3
1913,2020-04-10 10,Pepper Mill,0,0,0,0,0,0
1914,2020-04-10 10,Safe Town,2,0,0,0,0,0
1915,2020-04-10 10,Scenic Vista,0,0,0,0,1,0
1916,2020-04-10 10,Southton,0,1,0,2,1,2
1917,2020-04-10 10,Southwest,3,0,2,1,3,10
1918,2020-04-10 10,Terrapin Springs,3,0,0,2,4,8
1919,2020-04-10 10,West Parton,0,0,0,1,1,0
1920,2020-04-10 10,Weston,4,0,2,5,7,10
1921,2020-04-10 11,<Location with-held due to contract>,0,0,0,0,0,0
1922,2020-04-10 11,Broadview,0,2,3,0,4,3
1923,2020-04-10 11,Chapparal,0,0,4,0,9,0
1924,2020-04-10 11,Cheddarford,0,0,3,1,3,2
1925,2020-04-10 11,Downtown,0,2,10,1,8,0
1926,2020-04-10 11,East Parton,0,6,2,0,1,0
1927,2020-04-10 11,Easton,0,3,1,0,0,2
1928,2020-04-10 11,Northwest,0,5,4,0,3,1
1929,2020-04-10 11,Oak Willow,0,1,1,0,7,0
1930,2020-04-10 11,Old Town,0,4,7,0,10,0
1931,2020-04-10 11,Palace Hills,0,2,6,0,7,0
1932,2020-04-10 11,Pepper Mill,0,0,0,1,4,0
1933,2020-04-10 11,Safe Town,0,4,4,0,5,0
1934,2020-04-10 11,Scenic Vista,0,0,2,1,8,0
1935,2020-04-10 11,Southton,1,2,5,1,11,2
1936,2020-04-10 11,Southwest,1,2,6,1,7,0
1937,2020-04-10 11,Terrapin Springs,0,1,2,1,2,0
1938,2020-04-10 11,UNKNOWN,2,0,0,0,0,0
1939,2020-04-10 11,West Parton,0,4,3,1,5,2
1940,2020-04-10 11,Weston,0,7,5,1,14,1
